order,monomial_idx,alpha_vector,corresp,fillWfnonaut_time_s,fillWfnonaut_alloc_bytes,homological_time_s,homological_alloc_bytes,conj_copy_time_s,conj_copy_alloc_bytes,monomial_total_time_s,monomial_total_alloc_bytes,cumul_time_s,mem_live_bytes
2,1,"[2, 0, 0, 0]",5,7.416e-6,0,0.464162292,766888096,NaN,0,0.46416970799999996,766888096,0.7969710826873779,1116104272
2,2,"[1, 1, 0, 0]",2,3.75e-7,0,0.406548666,1475244192,NaN,0,0.406549041,1475244192,1.2190780639648438,1849788560
2,3,"[1, 0, 1, 0]",7,0.004891834,1065152,0.286459625,678234224,NaN,0,0.291351459,679299376,1.5104470252990723,1217255904
2,4,"[1, 0, 0, 1]",6,4.6417e-5,983808,0.387584125,639535312,NaN,0,0.387630542,640519120,1.8980960845947266,1094811104
2,5,"[0, 2, 0, 0]",-1,NaN,0,NaN,0,3.5042e-5,393664,3.5042e-5,393664,1.8981540203094482,1095211648
2,6,"[0, 1, 1, 0]",-4,NaN,0,NaN,0,2.4125e-5,393664,2.4125e-5,393664,1.8981821537017822,1095612144
2,7,"[0, 1, 0, 1]",-3,NaN,0,NaN,0,3.0166e-5,393664,3.0166e-5,393664,1.8982150554656982,1096012640
2,8,"[0, 0, 2, 0]",10,6.0292e-5,983824,0.313314167,633899120,NaN,0,0.313374459,634882944,2.211588144302368,1232832992
2,9,"[0, 0, 1, 1]",9,0.000104125,1967712,0.372003458,1361113584,NaN,0,0.372107583,1363081296,2.583714008331299,1823198688
2,10,"[0, 0, 0, 2]",-8,NaN,0,NaN,0,3.4042e-5,393664,3.4042e-5,393664,2.5837690830230713,1823599264
3,1,"[3, 0, 0, 0]",11,3.33e-7,0,0.454488083,633899152,NaN,0,0.454488416,633899152,4.633622169494629,1232982128
3,2,"[2, 1, 0, 0]",5,3.75e-7,0,0.392077334,777820416,NaN,0,0.392077709,777820416,5.0257179737091064,1155677824
3,3,"[2, 0, 1, 0]",13,4.5166e-5,983792,0.390895458,644647104,NaN,0,0.39094062399999996,645630896,5.416676044464111,1100147712
3,4,"[2, 0, 0, 1]",12,4.85e-5,983808,0.419364917,762321168,NaN,0,0.419413417,763304976,5.836107969284058,1136491936
3,5,"[1, 2, 0, 0]",-2,NaN,0,NaN,0,1.8417e-5,393664,1.8417e-5,393664,5.836150169372559,1136892480
3,6,"[1, 1, 1, 0]",7,4.475e-5,983808,0.540666083,815749392,NaN,0,0.540710833,816733200,6.376856088638306,1143372832
3,7,"[1, 1, 0, 1]",-6,NaN,0,NaN,0,1.8042e-5,393664,1.8042e-5,393664,6.3768980503082275,1143773376
3,8,"[1, 0, 2, 0]",16,4.4625e-5,983824,0.281330875,633899408,NaN,0,0.2813755,634883232,6.658272981643677,1315223600
3,9,"[1, 0, 1, 1]",15,0.0001695,1967712,0.527622334,773069120,NaN,0,0.5277918340000001,775036832,7.186079025268555,1145400480
3,10,"[1, 0, 0, 2]",14,4.6834e-5,983888,0.401781833,767957264,NaN,0,0.401828667,768941152,7.587932109832764,1155120832
3,11,"[0, 3, 0, 0]",-1,NaN,0,NaN,0,1.9083e-5,393664,1.9083e-5,393664,7.587980031967163,1155521376
3,12,"[0, 2, 1, 0]",-4,NaN,0,NaN,0,1.8209e-5,393664,1.8209e-5,393664,7.58800196647644,1155921872
3,13,"[0, 2, 0, 1]",-3,NaN,0,NaN,0,1.7875e-5,393664,1.7875e-5,393664,7.588024139404297,1156322368
3,14,"[0, 1, 2, 0]",-10,NaN,0,NaN,0,2.2917e-5,393664,2.2917e-5,393664,7.588052034378052,1156722864
3,15,"[0, 1, 1, 1]",-9,NaN,0,NaN,0,1.825e-5,393664,1.825e-5,393664,7.588073968887329,1157123360
3,16,"[0, 1, 0, 2]",-8,NaN,0,NaN,0,1.7958e-5,393664,1.7958e-5,393664,7.5880961418151855,1157523856
3,17,"[0, 0, 3, 0]",20,5.4916e-5,983904,0.383787,633899152,NaN,0,0.383841916,634883056,7.971935033798218,1284066784
3,18,"[0, 0, 2, 1]",19,8.6333e-5,1967920,0.42936775,770873632,NaN,0,0.429454083,772841552,8.40140700340271,1136459232
3,19,"[0, 0, 1, 2]",-18,NaN,0,NaN,0,1.825e-5,393664,1.825e-5,393664,8.401448965072632,1136859776
3,20,"[0, 0, 0, 3]",-17,NaN,0,NaN,0,1.7917e-5,393664,1.7917e-5,393664,8.401469945907593,1137260272
4,1,"[4, 0, 0, 0]",21,4.17e-7,0,0.399993375,633899408,NaN,0,0.39999379199999996,633899408,16.95707607269287,1089399744
4,2,"[3, 1, 0, 0]",11,4.16e-7,0,0.275174042,719898736,NaN,0,0.275174458,719898736,17.232265949249268,1257715680
4,3,"[3, 0, 1, 0]",23,4.5208e-5,983792,0.265591584,641697952,NaN,0,0.265636792,642681744,17.49792194366455,1227798496
4,4,"[3, 0, 0, 1]",22,4.425e-5,983808,0.392009375,633899216,NaN,0,0.392053625,634883024,17.889994144439697,1089399904
4,5,"[2, 2, 0, 0]",5,4.17e-7,0,0.311050208,639535264,NaN,0,0.31105062499999997,639535264,18.201064109802246,1102392864
4,6,"[2, 1, 1, 0]",13,7.7167e-5,983808,0.353587333,644647072,NaN,0,0.3536645,645630880,18.554749965667725,1100147680
4,7,"[2, 1, 0, 1]",12,6.2958e-5,983856,0.245974917,633899408,NaN,0,0.246037875,634883264,18.80080795288086,1239054352
4,8,"[2, 0, 2, 0]",26,7.4458e-5,983824,0.397927416,633899200,NaN,0,0.398001874,634883024,19.198836088180542,1378880928
4,9,"[2, 0, 1, 1]",25,0.000163084,1967712,0.301242791,639535280,NaN,0,0.301405875,641502992,19.500334978103638,1102393024
4,10,"[2, 0, 0, 2]",24,9.2417e-5,983888,0.405034042,633899152,NaN,0,0.405126459,634883040,19.905478954315186,1164917920
4,11,"[1, 3, 0, 0]",-2,NaN,0,NaN,0,3.6e-5,393664,3.6e-5,393664,19.90553903579712,1165318464
4,12,"[1, 2, 1, 0]",-7,NaN,0,NaN,0,3.2542e-5,393664,3.2542e-5,393664,19.90557599067688,1165718944
4,13,"[1, 2, 0, 1]",-6,NaN,0,NaN,0,3.7417e-5,393664,3.7417e-5,393664,19.90561604499817,1166119440
4,14,"[1, 1, 2, 0]",16,6.2834e-5,983872,0.270064,704170128,NaN,0,0.27012683400000004,705154000,20.175742149353027,1212199472
4,15,"[1, 1, 1, 1]",15,0.000100083,1967856,0.334681792,1363914864,NaN,0,0.33478187499999995,1365882720,20.51054096221924,1994099344
4,16,"[1, 1, 0, 2]",-14,NaN,0,NaN,0,1.8792e-5,393664,1.8792e-5,393664,20.51058316230774,1994499936
4,17,"[1, 0, 3, 0]",30,6.1417e-5,983904,0.366726583,633899536,NaN,0,0.366788,634883440,20.877369165420532,1089399856
4,18,"[1, 0, 2, 1]",29,0.000103625,1967920,0.256869666,639535216,NaN,0,0.256973291,641503136,21.134359121322632,1233336416
4,19,"[1, 0, 1, 2]",28,0.000105417,1967952,0.3877095,645171392,NaN,0,0.387814917,647139344,21.522189140319824,1319109984
4,20,"[1, 0, 0, 3]",27,6.5542e-5,984032,0.283345875,633899184,NaN,0,0.283411417,634883216,21.80562114715576,1102392896
4,21,"[0, 4, 0, 0]",-1,NaN,0,NaN,0,3.425e-5,393664,3.425e-5,393664,21.80567717552185,1102793440
4,22,"[0, 3, 1, 0]",-4,NaN,0,NaN,0,2.3041e-5,393664,2.3041e-5,393664,21.805703163146973,1103193936
4,23,"[0, 3, 0, 1]",-3,NaN,0,NaN,0,3.4708e-5,393664,3.4708e-5,393664,21.80574107170105,1103594432
4,24,"[0, 2, 2, 0]",-10,NaN,0,NaN,0,3.3958e-5,393664,3.3958e-5,393664,21.80577802658081,1103994928
4,25,"[0, 2, 1, 1]",-9,NaN,0,NaN,0,3.3833e-5,393664,3.3833e-5,393664,21.805814027786255,1104395424
4,26,"[0, 2, 0, 2]",-8,NaN,0,NaN,0,3.0375e-5,393664,3.0375e-5,393664,21.80584716796875,1104795920
4,27,"[0, 1, 3, 0]",-20,NaN,0,NaN,0,3.0e-5,393664,3.0e-5,393664,21.805880069732666,1105196416
4,28,"[0, 1, 2, 1]",-19,NaN,0,NaN,0,1.7834e-5,393664,1.7834e-5,393664,21.805901050567627,1105596896
4,29,"[0, 1, 1, 2]",-18,NaN,0,NaN,0,2.2084e-5,393664,2.2084e-5,393664,21.805926084518433,1105997392
4,30,"[0, 1, 0, 3]",-17,NaN,0,NaN,0,3.3708e-5,393664,3.3708e-5,393664,21.805963039398193,1106397888
4,31,"[0, 0, 4, 0]",35,4.6167e-5,984048,0.264207417,639535216,NaN,0,0.264253584,640519264,22.070216178894043,1238710768
4,32,"[0, 0, 3, 1]",34,8.6417e-5,1968272,0.361297292,644647120,NaN,0,0.361383709,646615392,22.431617975234985,1100147728
4,33,"[0, 0, 2, 2]",33,8.5875e-5,1968304,0.287197,1368289728,NaN,0,0.287282875,1370258032,22.71891713142395,1824701808
4,34,"[0, 0, 1, 3]",-32,NaN,0,NaN,0,3.9666e-5,393664,3.9666e-5,393664,22.718975067138672,1825102384
4,35,"[0, 0, 0, 4]",-31,NaN,0,NaN,0,3.6458e-5,393664,3.6458e-5,393664,22.71901512145996,1825502880
5,1,"[5, 0, 0, 0]",36,2.92e-7,0,0.374850917,639535216,NaN,0,0.374851209,639535216,51.25286412239075,1089399744
5,2,"[4, 1, 0, 0]",21,4.17e-7,0,0.2901685,685148256,NaN,0,0.29016891699999997,685148256,51.54304814338684,1774554832
5,3,"[4, 0, 1, 0]",38,9.5958e-5,983792,0.245115667,652085424,NaN,0,0.24521162500000002,653069216,51.788278102874756,1226094624
5,4,"[4, 0, 0, 1]",37,4.4208e-5,983808,0.369830583,645171392,NaN,0,0.369874791,646155200,52.15816903114319,1241972944
5,5,"[3, 2, 0, 0]",11,4.17e-7,0,0.374171542,777525536,NaN,0,0.374171959,777525536,52.53235697746277,1149484640
5,6,"[3, 1, 1, 0]",23,4.5625e-5,983808,0.355962833,633899440,NaN,0,0.35600845799999997,634883248,52.88838315010071,1164918016
5,7,"[3, 1, 0, 1]",22,4.6875e-5,983856,0.394626458,784439552,NaN,0,0.394673333,785423408,53.28307294845581,1155219088
5,8,"[3, 0, 2, 0]",41,4.5375e-5,983824,0.376971584,633899200,NaN,0,0.37701695900000004,634883024,53.660107135772705,1089399808
5,9,"[3, 0, 1, 1]",40,8.6833e-5,1967712,0.249672625,697895024,NaN,0,0.24975945800000002,699862736,53.90988206863403,1252669440
5,10,"[3, 0, 0, 2]",39,4.4083e-5,983888,0.382149042,789715216,NaN,0,0.38219312499999997,790699104,54.29208707809448,1273251856
5,11,"[2, 3, 0, 0]",-5,NaN,0,NaN,0,3.3583e-5,393664,3.3583e-5,393664,54.292142152786255,1273652400
5,12,"[2, 2, 1, 0]",13,4.4125e-5,983856,0.483060875,785717568,NaN,0,0.483105,786701424,54.775243043899536,1141566528
5,13,"[2, 2, 0, 1]",-12,NaN,0,NaN,0,3.2e-5,393664,3.2e-5,393664,54.77529311180115,1141967072
5,14,"[2, 1, 2, 0]",26,4.6333e-5,983872,0.271269709,639535504,NaN,0,0.27131604200000004,640519376,55.04661297798157,1342093456
5,15,"[2, 1, 1, 1]",25,8.9167e-5,1967856,0.469035167,771430704,NaN,0,0.469124334,773398560,55.5157470703125,1539462688
5,16,"[2, 1, 0, 2]",24,4.5083e-5,983984,0.363368083,777984288,NaN,0,0.363413166,778968272,55.87917613983154,1149484800
5,17,"[2, 0, 3, 0]",45,4.5375e-5,983904,0.26402175,645630048,NaN,0,0.264067125,646613952,56.14326000213623,1327708896
5,18,"[2, 0, 2, 1]",44,8.5709e-5,1967920,0.342769709,645630176,NaN,0,0.34285541799999997,647598096,56.486133098602295,1095494688
5,19,"[2, 0, 1, 2]",43,8.4542e-5,1967952,0.38121,777525520,NaN,0,0.381294542,779493472,56.86743903160095,1142127968
5,20,"[2, 0, 0, 3]",42,4.5208e-5,984032,0.47371225,785717808,NaN,0,0.473757458,786701840,57.34121108055115,1143405600
5,21,"[1, 4, 0, 0]",-2,NaN,0,NaN,0,4.9542e-5,393664,4.9542e-5,393664,57.341278076171875,1143806144
5,22,"[1, 3, 1, 0]",-7,NaN,0,NaN,0,4.1417e-5,393664,4.1417e-5,393664,57.34132409095764,1144206640
5,23,"[1, 3, 0, 1]",-6,NaN,0,NaN,0,4.7167e-5,393664,4.7167e-5,393664,57.34137415885925,1144607136
5,24,"[1, 2, 2, 0]",-16,NaN,0,NaN,0,3.5334e-5,393664,3.5334e-5,393664,57.34141206741333,1145007632
5,25,"[1, 2, 1, 1]",-15,NaN,0,NaN,0,3.125e-5,393664,3.125e-5,393664,57.34144616127014,1145408128
5,26,"[1, 2, 0, 2]",-14,NaN,0,NaN,0,3.0e-5,393664,3.0e-5,393664,57.34147906303406,1145808624
5,27,"[1, 1, 3, 0]",30,4.4375e-5,984000,0.26799875,639535264,NaN,0,0.268043125,640519264,57.60952115058899,1089400352
5,28,"[1, 1, 2, 1]",29,8.575e-5,1968176,0.48980625,777492752,NaN,0,0.489892,779460928,58.09942102432251,1142553664
5,29,"[1, 1, 1, 2]",-28,NaN,0,NaN,0,3.3041e-5,393664,3.3041e-5,393664,58.09947609901428,1142954208
5,30,"[1, 1, 0, 3]",-27,NaN,0,NaN,0,4.6833e-5,393664,4.6833e-5,393664,58.099526166915894,1143354704
5,31,"[1, 0, 4, 0]",50,4.6459e-5,984048,0.26451075,652544160,NaN,0,0.264557209,653528208,58.3640820980072,1109306912
5,32,"[1, 0, 3, 1]",49,8.7708e-5,1968272,0.367986875,633899152,NaN,0,0.368074583,635867424,58.73217415809631,1164917952
5,33,"[1, 0, 2, 2]",48,8.625e-5,1968304,0.398687333,783620384,NaN,0,0.398773583,785588688,59.130964040756226,1155120688
5,34,"[1, 0, 1, 3]",47,8.8667e-5,1968336,0.471541667,765794848,NaN,0,0.471630334,767763184,59.602609157562256,1210170656
5,35,"[1, 0, 0, 4]",46,4.575e-5,984256,0.250439792,645630128,NaN,0,0.250485542,646614384,59.85311317443848,1108487648
5,36,"[0, 5, 0, 0]",-1,NaN,0,NaN,0,5.125e-5,393664,5.125e-5,393664,59.85318303108215,1108888192
5,37,"[0, 4, 1, 0]",-4,NaN,0,NaN,0,4.8375e-5,393664,4.8375e-5,393664,59.8532350063324,1109288688
5,38,"[0, 4, 0, 1]",-3,NaN,0,NaN,0,4.5e-5,393664,4.5e-5,393664,59.853283166885376,1109689184
5,39,"[0, 3, 2, 0]",-10,NaN,0,NaN,0,4.575e-5,393664,4.575e-5,393664,59.85333204269409,1110089664
5,40,"[0, 3, 1, 1]",-9,NaN,0,NaN,0,4.2083e-5,393664,4.2083e-5,393664,59.85337710380554,1110490160
5,41,"[0, 3, 0, 2]",-8,NaN,0,NaN,0,5.1209e-5,393664,5.1209e-5,393664,59.85343098640442,1110890656
5,42,"[0, 2, 3, 0]",-20,NaN,0,NaN,0,4.8333e-5,393664,4.8333e-5,393664,59.85348200798035,1111291152
5,43,"[0, 2, 2, 1]",-19,NaN,0,NaN,0,4.4625e-5,393664,4.4625e-5,393664,59.85352897644043,1111691648
5,44,"[0, 2, 1, 2]",-18,NaN,0,NaN,0,4.5125e-5,393664,4.5125e-5,393664,59.85357713699341,1112092144
5,45,"[0, 2, 0, 3]",-17,NaN,0,NaN,0,4.2875e-5,393664,4.2875e-5,393664,59.853623151779175,1112492640
5,46,"[0, 1, 4, 0]",-35,NaN,0,NaN,0,4.0e-5,393664,4.0e-5,393664,59.8536651134491,1112893136
5,47,"[0, 1, 3, 1]",-34,NaN,0,NaN,0,3.8459e-5,393664,3.8459e-5,393664,59.85370707511902,1113293616
5,48,"[0, 1, 2, 2]",-33,NaN,0,NaN,0,4.4875e-5,393664,4.4875e-5,393664,59.8537540435791,1113694112
5,49,"[0, 1, 1, 3]",-32,NaN,0,NaN,0,4.3209e-5,393664,4.3209e-5,393664,59.85380005836487,1114094608
5,50,"[0, 1, 0, 4]",-31,NaN,0,NaN,0,3.7959e-5,393664,3.7959e-5,393664,59.853841066360474,1114495104
5,51,"[0, 0, 5, 0]",56,4.5958e-5,984272,0.403993917,639535264,NaN,0,0.404039875,640519536,60.25787711143494,1089399744
5,52,"[0, 0, 4, 1]",55,9.1208e-5,1968800,0.249295916,697895024,NaN,0,0.24938712400000002,699863824,60.507280111312866,1252292576
5,53,"[0, 0, 3, 2]",54,8.6917e-5,1968832,0.365559417,789682448,NaN,0,0.365646334,791651280,60.872941970825195,1272842272
5,54,"[0, 0, 2, 3]",-53,NaN,0,NaN,0,4.3959e-5,393664,4.3959e-5,393664,60.87300705909729,1273242816
5,55,"[0, 0, 1, 4]",-52,NaN,0,NaN,0,4.2583e-5,393664,4.2583e-5,393664,60.87305402755737,1273643312
5,56,"[0, 0, 0, 5]",-51,NaN,0,NaN,0,4.3125e-5,393664,4.3125e-5,393664,60.87310004234314,1274043808
6,1,"[6, 0, 0, 0]",57,5.42e-7,0,0.393797292,639240592,NaN,0,0.393797834,639240592,156.46406602859497,1089399744
6,2,"[5, 1, 0, 0]",36,3.75e-7,0,0.278178958,645793888,NaN,0,0.278179333,645793888,156.74225997924805,1735200480
6,3,"[5, 0, 1, 0]",59,4.425e-5,983792,0.253772417,644974768,NaN,0,0.253816667,645958560,156.9960949420929,1226110944
6,4,"[5, 0, 0, 1]",58,4.4042e-5,983808,0.366988666,632785104,NaN,0,0.36703270800000004,633768912,157.36314702033997,1243558752
6,5,"[4, 2, 0, 0]",21,3.33e-7,0,0.256056625,645793904,NaN,0,0.256056958,645793904,157.61921906471252,1226160192
6,6,"[4, 1, 1, 0]",38,4.5834e-5,983808,0.254535541,638879904,NaN,0,0.254581375,639863712,157.87381601333618,1220065344
6,7,"[4, 1, 0, 1]",37,4.4333e-5,983856,0.360921791,632785376,NaN,0,0.360966124,633769232,158.2347960472107,1242038416
6,8,"[4, 0, 2, 0]",62,4.8833e-5,983824,0.248933292,645793920,NaN,0,0.248982125,646777744,158.4837930202484,1262060304
6,9,"[4, 0, 1, 1]",61,8.5417e-5,1967712,0.356640625,632785104,NaN,0,0.35672604199999997,634752816,158.84053707122803,1089399808
6,10,"[4, 0, 0, 2]",60,4.5625e-5,983888,0.246575333,645793888,NaN,0,0.246620958,646777776,159.08716917037964,1736184480
6,11,"[3, 3, 0, 0]",11,3.33e-7,0,0.253488125,638879920,NaN,0,0.253488458,638879920,159.34067606925964,1219999712
6,12,"[3, 2, 1, 0]",23,4.5583e-5,983856,0.262652,638879888,NaN,0,0.262697583,639863744,159.60338807106018,1233091136
6,13,"[3, 2, 0, 1]",22,5.0458e-5,983952,0.34381925,632785408,NaN,0,0.343869708,633769360,159.94727396965027,1089399824
6,14,"[3, 1, 2, 0]",41,4.4959e-5,983872,0.2522855,644974752,NaN,0,0.252330459,645958624,160.19962000846863,1095495024
6,15,"[3, 1, 1, 1]",40,8.5959e-5,1967856,0.356112125,632785040,NaN,0,0.356198084,634752896,160.5558340549469,1164917952
6,16,"[3, 1, 0, 2]",39,4.8e-5,983984,0.252045958,645793920,NaN,0,0.252093958,646777904,160.80794405937195,1262043872
6,17,"[3, 0, 3, 0]",66,4.5541e-5,983904,0.357729083,632785104,NaN,0,0.357774624,633769008,161.16573405265808,1091238912
6,18,"[3, 0, 2, 1]",65,8.5291e-5,1967920,0.243767375,638879904,NaN,0,0.243852666,640847824,161.4096040725708,1102392832
6,19,"[3, 0, 1, 2]",64,8.8208e-5,1967952,0.266963333,638880192,NaN,0,0.267051541,640848144,161.6766710281372,1115385856
6,20,"[3, 0, 0, 3]",63,4.6041e-5,984032,0.367772167,632785056,NaN,0,0.367818208,633769088,162.0445020198822,1089399776
6,21,"[2, 4, 0, 0]",-5,NaN,0,NaN,0,6.525e-5,393664,6.525e-5,393664,162.04458594322205,1089800320
6,22,"[2, 3, 1, 0]",-13,NaN,0,NaN,0,5.1625e-5,393664,5.1625e-5,393664,162.04464101791382,1090200816
6,23,"[2, 3, 0, 1]",-12,NaN,0,NaN,0,6.0416e-5,393664,6.0416e-5,393664,162.0447051525116,1090601312
6,24,"[2, 2, 2, 0]",26,9.1834e-5,983968,0.253759542,644974752,NaN,0,0.253851376,645958720,162.29855608940125,1095494976
6,25,"[2, 2, 1, 1]",25,8.6667e-5,1968112,0.355053042,632785056,NaN,0,0.35513970899999997,634753168,162.65371108055115,1091238944
6,26,"[2, 2, 0, 2]",-24,NaN,0,NaN,0,4.5667e-5,393664,4.5667e-5,393664,162.65377712249756,1091639504
6,27,"[2, 1, 3, 0]",45,4.4e-5,984000,0.253737166,644974736,NaN,0,0.253781166,645958736,162.90756797790527,1121906320
6,28,"[2, 1, 2, 1]",44,8.8542e-5,1968176,0.252416541,632785040,NaN,0,0.252505083,634753216,163.160089969635,1142223168
6,29,"[2, 1, 1, 2]",43,8.475e-5,1968208,0.361866416,632785360,NaN,0,0.36195116600000005,634753568,163.522057056427,1224541760
6,30,"[2, 1, 0, 3]",42,4.4666e-5,984192,0.2499135,638879920,NaN,0,0.249958166,639864112,163.7720320224762,1095495040
6,31,"[2, 0, 4, 0]",71,4.5459e-5,984048,0.275734208,632785008,NaN,0,0.275779667,633769056,164.0478241443634,1226193264
6,32,"[2, 0, 3, 1]",70,8.7917e-5,1968272,0.344068208,632785104,NaN,0,0.344156125,634753376,164.3919939994812,1089399824
6,33,"[2, 0, 2, 2]",69,9.3208e-5,1968304,0.24682425,644974752,NaN,0,0.246917458,646943056,164.63892316818237,1095495024
6,34,"[2, 0, 1, 3]",68,0.000122083,1968336,0.353024334,632785056,NaN,0,0.353146417,634753392,164.9920871257782,1091238944
6,35,"[2, 0, 0, 4]",67,4.5459e-5,984256,0.252915292,644975024,NaN,0,0.25296075100000004,645959280,165.24506616592407,1121906320
6,36,"[1, 5, 0, 0]",-2,NaN,0,NaN,0,4.1833e-5,393664,4.1833e-5,393664,165.24512600898743,1122306880
6,37,"[1, 4, 1, 0]",-7,NaN,0,NaN,0,4.0375e-5,393664,4.0375e-5,393664,165.24517011642456,1122707376
6,38,"[1, 4, 0, 1]",-6,NaN,0,NaN,0,3.8083e-5,393664,3.8083e-5,393664,165.24521112442017,1123107872
6,39,"[1, 3, 2, 0]",-16,NaN,0,NaN,0,3.875e-5,393664,3.875e-5,393664,165.24525213241577,1123508368
6,40,"[1, 3, 1, 1]",-15,NaN,0,NaN,0,4.0625e-5,393664,4.0625e-5,393664,165.24529600143433,1123908864
6,41,"[1, 3, 0, 2]",-14,NaN,0,NaN,0,3.9208e-5,393664,3.9208e-5,393664,165.24533796310425,1124309360
6,42,"[1, 2, 3, 0]",-30,NaN,0,NaN,0,4.0083e-5,393664,4.0083e-5,393664,165.24538111686707,1124709856
6,43,"[1, 2, 2, 1]",-29,NaN,0,NaN,0,3.775e-5,393664,3.775e-5,393664,165.24542117118835,1125110352
6,44,"[1, 2, 1, 2]",-28,NaN,0,NaN,0,3.8958e-5,393664,3.8958e-5,393664,165.24546313285828,1125510848
6,45,"[1, 2, 0, 3]",-27,NaN,0,NaN,0,4.05e-5,393664,4.05e-5,393664,165.24550604820251,1125911344
6,46,"[1, 1, 4, 0]",50,7.4917e-5,984208,0.262779792,632785040,NaN,0,0.262854709,633769248,165.5083601474762,1142223488
6,47,"[1, 1, 3, 1]",49,8.5708e-5,1968672,0.361694208,632785072,NaN,0,0.36177991600000003,634753744,165.87015295028687,1224541760
6,48,"[1, 1, 2, 2]",48,8.725e-5,1968704,0.270358375,1366732976,NaN,0,0.27044562499999997,1368701680,166.1406171321869,1823882624
6,49,"[1, 1, 1, 3]",-47,NaN,0,NaN,0,4.4833e-5,393664,4.4833e-5,393664,166.1406810283661,1824283216
6,50,"[1, 1, 0, 4]",-46,NaN,0,NaN,0,3.9292e-5,393664,3.9292e-5,393664,166.14072513580322,1824683712
6,51,"[1, 0, 5, 0]",77,4.3917e-5,984272,0.360999667,632785040,NaN,0,0.36104358400000003,633769312,166.5017659664154,1232539760
6,52,"[1, 0, 4, 1]",76,9.1958e-5,1968800,0.261666792,632785072,NaN,0,0.26175875,634753872,166.76354098320007,1102392848
6,53,"[1, 0, 3, 2]",75,8.6875e-5,1968832,0.363079542,632785344,NaN,0,0.36316641699999996,634754176,167.12672305107117,1166471056
6,54,"[1, 0, 2, 3]",74,9.4792e-5,1968864,0.277791416,645793888,NaN,0,0.277886208,647762752,167.40462613105774,1814240704
6,55,"[1, 0, 1, 4]",73,8.6916e-5,1968896,0.266935292,638879920,NaN,0,0.267022208,640848816,167.67166304588318,1220065360
6,56,"[1, 0, 0, 5]",72,4.6334e-5,984576,0.265554916,638879904,NaN,0,0.26560124999999996,639864480,167.93728113174438,1233058352
6,57,"[0, 6, 0, 0]",-1,NaN,0,NaN,0,4.825e-5,393664,4.825e-5,393664,167.93737697601318,1233458912
6,58,"[0, 5, 1, 0]",-4,NaN,0,NaN,0,4.5625e-5,393664,4.5625e-5,393664,167.93742609024048,1233859408
6,59,"[0, 5, 0, 1]",-3,NaN,0,NaN,0,4.0042e-5,393664,4.0042e-5,393664,167.93746900558472,1234259904
6,60,"[0, 4, 2, 0]",-10,NaN,0,NaN,0,4.2083e-5,393664,4.2083e-5,393664,167.93751311302185,1234660400
6,61,"[0, 4, 1, 1]",-9,NaN,0,NaN,0,4.25e-5,393664,4.25e-5,393664,167.93755912780762,1235060896
6,62,"[0, 4, 0, 2]",-8,NaN,0,NaN,0,4.0417e-5,393664,4.0417e-5,393664,167.93760204315186,1235461376
6,63,"[0, 3, 3, 0]",-20,NaN,0,NaN,0,4.5666e-5,393664,4.5666e-5,393664,167.93764996528625,1235861872
6,64,"[0, 3, 2, 1]",-19,NaN,0,NaN,0,4.0959e-5,393664,4.0959e-5,393664,167.9376940727234,1236262368
6,65,"[0, 3, 1, 2]",-18,NaN,0,NaN,0,4.6458e-5,393664,4.6458e-5,393664,167.9377429485321,1236662864
6,66,"[0, 3, 0, 3]",-17,NaN,0,NaN,0,4.225e-5,393664,4.225e-5,393664,167.93778800964355,1237063360
6,67,"[0, 2, 4, 0]",-35,NaN,0,NaN,0,4.8209e-5,393664,4.8209e-5,393664,167.93783903121948,1237463856
6,68,"[0, 2, 3, 1]",-34,NaN,0,NaN,0,3.7875e-5,393664,3.7875e-5,393664,167.93787908554077,1237864352
6,69,"[0, 2, 2, 2]",-33,NaN,0,NaN,0,4.3541e-5,393664,4.3541e-5,393664,167.93792605400085,1238264848
6,70,"[0, 2, 1, 3]",-32,NaN,0,NaN,0,3.925e-5,393664,3.925e-5,393664,167.93796801567078,1238665344
6,71,"[0, 2, 0, 4]",-31,NaN,0,NaN,0,3.8042e-5,393664,3.8042e-5,393664,167.93800806999207,1239065840
6,72,"[0, 1, 5, 0]",-56,NaN,0,NaN,0,4.5959e-5,393664,4.5959e-5,393664,167.93805694580078,1239466336
6,73,"[0, 1, 4, 1]",-55,NaN,0,NaN,0,3.8542e-5,393664,3.8542e-5,393664,167.9380979537964,1239866832
6,74,"[0, 1, 3, 2]",-54,NaN,0,NaN,0,4.3583e-5,393664,4.3583e-5,393664,167.93814516067505,1240267328
6,75,"[0, 1, 2, 3]",-53,NaN,0,NaN,0,3.8916e-5,393664,3.8916e-5,393664,167.93818616867065,1240667824
6,76,"[0, 1, 1, 4]",-52,NaN,0,NaN,0,4.1208e-5,393664,4.1208e-5,393664,167.9382300376892,1241068320
6,77,"[0, 1, 0, 5]",-51,NaN,0,NaN,0,4.1375e-5,393664,4.1375e-5,393664,167.93827414512634,1241468816
6,78,"[0, 0, 6, 0]",84,4.6333e-5,984592,0.349663667,632785104,NaN,0,0.34971,633769696,168.2879819869995,1089400112
6,79,"[0, 0, 5, 1]",83,9.075e-5,1969536,0.251926583,644974752,NaN,0,0.25201733299999995,646944288,168.54001712799072,1095495312
6,80,"[0, 0, 4, 2]",82,8.7208e-5,1969568,0.358811417,632785328,NaN,0,0.358898625,634754896,168.89893007278442,1164917952
6,81,"[0, 0, 3, 3]",81,8.8e-5,1969600,0.285745333,1367175312,NaN,0,0.28583333299999997,1369144912,169.18478107452393,1913848320
6,82,"[0, 0, 2, 4]",-80,NaN,0,NaN,0,3.4417e-5,393664,3.4417e-5,393664,169.1848361492157,1914248912
6,83,"[0, 0, 1, 5]",-79,NaN,0,NaN,0,3.4334e-5,393664,3.4334e-5,393664,169.18487405776978,1914649408
6,84,"[0, 0, 0, 6]",-78,NaN,0,NaN,0,3.6083e-5,393664,3.6083e-5,393664,169.18491411209106,1915049904
7,1,"[7, 0, 0, 0]",85,5.42e-7,0,0.487348,639240304,NaN,0,0.487348542,639240304,417.3701231479645,1091238912
7,2,"[6, 1, 0, 0]",57,2.91e-7,0,0.268488583,650479728,NaN,0,0.268488874,650479728,417.6386320590973,1220032480
7,3,"[6, 0, 1, 0]",87,4.4833e-5,983792,0.262258209,657393824,NaN,0,0.26230304200000004,658377616,417.9009521007538,1304017840
7,4,"[6, 0, 0, 1]",86,4.625e-5,983808,0.253866375,643565728,NaN,0,0.253912625,644549536,418.15487909317017,1220032480
7,5,"[5, 2, 0, 0]",36,3.75e-7,0,0.3534495,637094368,NaN,0,0.353449875,637094368,418.5083441734314,1242005936
7,6,"[5, 1, 1, 0]",59,4.4667e-5,983808,0.2522185,637094064,NaN,0,0.252263167,638077872,418.7606291770935,1102392864
7,7,"[5, 1, 0, 1]",58,4.4666e-5,983856,0.2536905,637470832,NaN,0,0.253735166,638454688,419.01437997817993,1233041968
7,8,"[5, 0, 2, 0]",90,5.2375e-5,983824,0.361324084,637094080,NaN,0,0.361376459,638077904,419.37577199935913,1378782624
7,9,"[5, 0, 1, 1]",89,8.7875e-5,1967712,0.24934025,650037424,NaN,0,0.249428125,652005136,419.6252181529999,1102392960
7,10,"[5, 0, 0, 2]",88,4.4541e-5,983888,0.268884875,637470864,NaN,0,0.26892941600000003,638454752,419.8941659927368,1115484304
7,11,"[4, 3, 0, 0]",21,3.75e-7,0,0.454908041,776362560,NaN,0,0.454908416,776362560,420.3490860462189,1142586416
7,12,"[4, 2, 1, 0]",38,4.6167e-5,983856,0.248155583,637470880,NaN,0,0.24820175000000003,638454736,420.597305059433,1089400144
7,13,"[4, 2, 0, 1]",37,4.65e-5,983952,0.465387792,763353360,NaN,0,0.465434292,764337312,421.0627501010895,1134652480
7,14,"[4, 1, 2, 0]",62,4.4625e-5,983872,0.25333575,649660576,NaN,0,0.25338037500000005,650644448,421.3161449432373,1273950704
7,15,"[4, 1, 1, 1]",61,8.8792e-5,1967856,0.35514625,637094048,NaN,0,0.355235042,639061904,421.67139506340027,1168310160
7,16,"[4, 1, 0, 2]",60,4.5709e-5,983984,0.365497375,775919840,NaN,0,0.365543084,776903824,422.0369551181793,1267140688
7,17,"[4, 0, 3, 0]",94,4.9959e-5,983904,0.266126542,643189184,NaN,0,0.266176501,644173088,422.3031461238861,1233041904
7,18,"[4, 0, 2, 1]",93,8.6167e-5,1967920,0.340871209,637094096,NaN,0,0.34095737600000003,639062016,422.64411997795105,1089399824
7,19,"[4, 0, 1, 2]",92,8.475e-5,1967952,0.2547605,649660576,NaN,0,0.25484525,651628528,422.89898204803467,1095495024
7,20,"[4, 0, 0, 3]",91,4.5916e-5,984032,0.4997075,763353344,NaN,0,0.499753416,764337376,423.39874815940857,1210170912
7,21,"[3, 4, 0, 0]",-11,NaN,0,NaN,0,4.7083e-5,393664,4.7083e-5,393664,423.3988130092621,1210571456
7,22,"[3, 3, 1, 0]",23,4.3417e-5,983952,0.372781375,775543072,NaN,0,0.372824792,776527024,423.7716360092163,1155579440
7,23,"[3, 3, 0, 1]",-22,NaN,0,NaN,0,5.6292e-5,393664,5.6292e-5,393664,423.77171301841736,1155979984
7,24,"[3, 2, 2, 0]",41,4.5166e-5,983968,0.275625542,637094000,NaN,0,0.275670708,638077968,424.04738306999207,1327692400
7,25,"[3, 2, 1, 1]",40,8.6333e-5,1968112,0.53857025,776362592,NaN,0,0.5386565830000001,778330704,424.5860540866852,1142586448
7,26,"[3, 2, 0, 2]",39,4.6e-5,984144,0.42722325,763730192,NaN,0,0.42726925,764714336,425.0133399963379,1136491952
7,27,"[3, 1, 3, 0]",66,4.6458e-5,984000,0.379769667,637094032,NaN,0,0.379816125,638078032,425.39317512512207,1389988304
7,28,"[3, 1, 2, 1]",65,8.625e-5,1968176,0.25364975,650037424,NaN,0,0.253736,652005600,425.64692997932434,1102392912
7,29,"[3, 1, 1, 2]",64,8.5833e-5,1968208,0.485866208,763353344,NaN,0,0.485952041,765321552,426.1328971385956,1210170592
7,30,"[3, 1, 0, 3]",63,4.6542e-5,984192,0.38613,763730208,NaN,0,0.38617654199999996,764714400,426.519091129303,1149681248
7,31,"[3, 0, 4, 0]",99,4.6208e-5,984048,0.370403708,637094336,NaN,0,0.370449916,638078384,426.8895571231842,1089399744
7,32,"[3, 0, 3, 1]",98,8.7292e-5,1968272,0.252154,650479712,NaN,0,0.252241292,652447984,427.14181208610535,1741854608
7,33,"[3, 0, 2, 2]",97,8.8625e-5,1968304,0.254808041,643188912,NaN,0,0.254896666,645157216,427.3967270851135,1233385472
7,34,"[3, 0, 1, 3]",96,8.8291e-5,1968336,0.487450792,763353408,NaN,0,0.48753908300000004,765321744,427.88427901268005,1213612016
7,35,"[3, 0, 0, 4]",95,5.5542e-5,984256,0.372310333,782457056,NaN,0,0.372365875,783441312,428.2566599845886,1355729056
7,36,"[2, 5, 0, 0]",-5,NaN,0,NaN,0,4.4667e-5,393664,4.4667e-5,393664,428.2567300796509,1356129600
7,37,"[2, 4, 1, 0]",-13,NaN,0,NaN,0,4.5583e-5,393664,4.5583e-5,393664,428.2567801475525,1356530096
7,38,"[2, 4, 0, 1]",-12,NaN,0,NaN,0,4.7541e-5,393664,4.7541e-5,393664,428.2568311691284,1356930592
7,39,"[2, 3, 2, 0]",-26,NaN,0,NaN,0,4.475e-5,393664,4.475e-5,393664,428.2568790912628,1357331088
7,40,"[2, 3, 1, 1]",-25,NaN,0,NaN,0,4.8209e-5,393664,4.8209e-5,393664,428.25693011283875,1357731584
7,41,"[2, 3, 0, 2]",-24,NaN,0,NaN,0,4.6125e-5,393664,4.6125e-5,393664,428.25697898864746,1358132080
7,42,"[2, 2, 3, 0]",45,4.625e-5,984160,0.25776275,637094048,NaN,0,0.257809,638078208,428.51478695869446,1308637280
7,43,"[2, 2, 2, 1]",44,8.5583e-5,1968576,0.490569334,763353680,NaN,0,0.490654917,765322256,429.0054540634155,1375666640
7,44,"[2, 2, 1, 2]",-43,NaN,0,NaN,0,4.1541e-5,393664,4.1541e-5,393664,429.0055170059204,1376067184
7,45,"[2, 2, 0, 3]",-42,NaN,0,NaN,0,3.6e-5,393664,3.6e-5,393664,429.0055570602417,1376467680
7,46,"[2, 1, 4, 0]",71,4.4375e-5,984208,0.265490375,637094064,NaN,0,0.26553475,638078272,429.2710909843445,1102392848
7,47,"[2, 1, 3, 1]",70,8.6583e-5,1968672,0.270639333,637094000,NaN,0,0.27072591599999996,639062672,429.5418310165405,1233058288
7,48,"[2, 1, 2, 2]",69,8.675e-5,1968704,0.460532667,769448256,NaN,0,0.46061941700000003,771416960,430.0024609565735,1142586448
7,49,"[2, 1, 1, 3]",68,8.8459e-5,1968736,0.381283209,763353360,NaN,0,0.381371668,765322096,430.38384914398193,1136491872
7,50,"[2, 1, 0, 4]",67,4.7625e-5,984496,0.348959542,637094048,NaN,0,0.349007167,638078544,430.73287200927734,1089399776
7,51,"[2, 0, 5, 0]",105,4.5333e-5,984272,0.252453208,643189184,NaN,0,0.25249854099999997,644173456,430.9853880405426,1095494976
7,52,"[2, 0, 4, 1]",104,8.9584e-5,1968800,0.361438292,637094032,NaN,0,0.36152787599999997,639062832,431.34693002700806,1164917952
7,53,"[2, 0, 3, 2]",103,9.1333e-5,1968832,0.251334125,643188912,NaN,0,0.25142545800000005,645157744,431.59837102890015,1108487664
7,54,"[2, 0, 2, 3]",102,8.55e-5,1968864,0.484604375,763353360,NaN,0,0.484689875,765322224,432.08307099342346,1136491552
7,55,"[2, 0, 1, 4]",101,8.6667e-5,1968896,0.362532958,782457088,NaN,0,0.362619625,784425984,432.44570803642273,1332556480
7,56,"[2, 0, 0, 5]",100,4.7375e-5,984576,0.249509333,637094000,NaN,0,0.249556708,638078576,432.69528317451477,1341061920
7,57,"[1, 6, 0, 0]",-2,NaN,0,NaN,0,4.6667e-5,393664,4.6667e-5,393664,432.6953511238098,1341462464
7,58,"[1, 5, 1, 0]",-7,NaN,0,NaN,0,4.2958e-5,393664,4.2958e-5,393664,432.6953980922699,1341862960
7,59,"[1, 5, 0, 1]",-6,NaN,0,NaN,0,3.7625e-5,393664,3.7625e-5,393664,432.6954391002655,1342263456
7,60,"[1, 4, 2, 0]",-16,NaN,0,NaN,0,4.0834e-5,393664,4.0834e-5,393664,432.69548201560974,1342663952
7,61,"[1, 4, 1, 1]",-15,NaN,0,NaN,0,4.6167e-5,393664,4.6167e-5,393664,432.69553208351135,1343064448
7,62,"[1, 4, 0, 2]",-14,NaN,0,NaN,0,4.2708e-5,393664,4.2708e-5,393664,432.6955771446228,1343464944
7,63,"[1, 3, 3, 0]",-30,NaN,0,NaN,0,4.2834e-5,393664,4.2834e-5,393664,432.6956219673157,1343865440
7,64,"[1, 3, 2, 1]",-29,NaN,0,NaN,0,3.6834e-5,393664,3.6834e-5,393664,432.69566202163696,1344265936
7,65,"[1, 3, 1, 2]",-28,NaN,0,NaN,0,4.05e-5,393664,4.05e-5,393664,432.6957051753998,1344666432
7,66,"[1, 3, 0, 3]",-27,NaN,0,NaN,0,4.4833e-5,393664,4.4833e-5,393664,432.6957530975342,1345066912
7,67,"[1, 2, 4, 0]",-50,NaN,0,NaN,0,4.6e-5,393664,4.6e-5,393664,432.6958019733429,1345467408
7,68,"[1, 2, 3, 1]",-49,NaN,0,NaN,0,4.2917e-5,393664,4.2917e-5,393664,432.69584798812866,1345867888
7,69,"[1, 2, 2, 2]",-48,NaN,0,NaN,0,4.1625e-5,393664,4.1625e-5,393664,432.6958920955658,1346268384
7,70,"[1, 2, 1, 3]",-47,NaN,0,NaN,0,4.275e-5,393664,4.275e-5,393664,432.69593811035156,1346668880
7,71,"[1, 2, 0, 4]",-46,NaN,0,NaN,0,4.0166e-5,393664,4.0166e-5,393664,432.6959800720215,1347069376
7,72,"[1, 1, 5, 0]",77,4.675e-5,984512,0.36936675,637094384,NaN,0,0.3694135,638078896,433.0653910636902,1330135504
7,73,"[1, 1, 4, 1]",76,8.8834e-5,1969376,0.255400416,637094064,NaN,0,0.25548925,639063440,433.3208990097046,1102392864
7,74,"[1, 1, 3, 2]",75,8.6667e-5,1969408,0.473429583,763320592,NaN,0,0.47351624999999997,765290000,433.79442715644836,1136458752
7,75,"[1, 1, 2, 3]",-74,NaN,0,NaN,0,3.5584e-5,393664,3.5584e-5,393664,433.79448199272156,1136859312
7,76,"[1, 1, 1, 4]",-73,NaN,0,NaN,0,4.2917e-5,393664,4.2917e-5,393664,433.7945280075073,1137259808
7,77,"[1, 1, 0, 5]",-72,NaN,0,NaN,0,3.6666e-5,393664,3.6666e-5,393664,433.7945680618286,1137660304
7,78,"[1, 0, 6, 0]",112,4.5375e-5,984592,0.249038042,643188848,NaN,0,0.24908341699999997,644173440,434.0436511039734,1314420768
7,79,"[1, 0, 5, 1]",111,8.75e-5,1969536,0.247506834,643188896,NaN,0,0.247594334,645158432,434.2912609577179,1391492080
7,80,"[1, 0, 4, 2]",110,8.7375e-5,1969568,0.374059166,637094096,NaN,0,0.374146541,639063664,434.66542196273804,1331671904
7,81,"[1, 0, 3, 3]",109,8.7834e-5,1969600,0.369881666,782457344,NaN,0,0.3699695,784426944,435.0354001522064,1273235584
7,82,"[1, 0, 2, 4]",108,8.8916e-5,1969632,0.366925625,769448208,NaN,0,0.36701454099999997,771417840,435.4024291038513,1273235584
7,83,"[1, 0, 1, 5]",107,8.8125e-5,1969664,0.358747,637094096,NaN,0,0.358835125,639063760,435.7612781524658,1089399872
7,84,"[1, 0, 0, 6]",106,4.5291e-5,985008,0.25015025,643188896,NaN,0,0.250195541,644173904,436.01148796081543,1108487776
7,85,"[0, 7, 0, 0]",-1,NaN,0,NaN,0,4.8541e-5,393664,4.8541e-5,393664,436.0115520954132,1108888320
7,86,"[0, 6, 1, 0]",-4,NaN,0,NaN,0,4.1791e-5,393664,4.1791e-5,393664,436.01159715652466,1109288816
7,87,"[0, 6, 0, 1]",-3,NaN,0,NaN,0,4.1083e-5,393664,4.1083e-5,393664,436.01164197921753,1109689312
7,88,"[0, 5, 2, 0]",-10,NaN,0,NaN,0,4.35e-5,393664,4.35e-5,393664,436.0116879940033,1110089808
7,89,"[0, 5, 1, 1]",-9,NaN,0,NaN,0,4.4125e-5,393664,4.4125e-5,393664,436.0117349624634,1110490288
7,90,"[0, 5, 0, 2]",-8,NaN,0,NaN,0,4.5834e-5,393664,4.5834e-5,393664,436.01178312301636,1110890784
7,91,"[0, 4, 3, 0]",-20,NaN,0,NaN,0,4.9833e-5,393664,4.9833e-5,393664,436.01192903518677,1111291280
7,92,"[0, 4, 2, 1]",-19,NaN,0,NaN,0,3.8875e-5,393664,3.8875e-5,393664,436.0119709968567,1111691776
7,93,"[0, 4, 1, 2]",-18,NaN,0,NaN,0,4.4666e-5,393664,4.4666e-5,393664,436.01201915740967,1112092272
7,94,"[0, 4, 0, 3]",-17,NaN,0,NaN,0,3.9417e-5,393664,3.9417e-5,393664,436.0120611190796,1112492768
7,95,"[0, 3, 4, 0]",-35,NaN,0,NaN,0,4.45e-5,393664,4.45e-5,393664,436.0121080875397,1112893264
7,96,"[0, 3, 3, 1]",-34,NaN,0,NaN,0,4.5042e-5,393664,4.5042e-5,393664,436.0121560096741,1113293744
7,97,"[0, 3, 2, 2]",-33,NaN,0,NaN,0,4.2e-5,393664,4.2e-5,393664,436.0122010707855,1113694240
7,98,"[0, 3, 1, 3]",-32,NaN,0,NaN,0,4.1417e-5,393664,4.1417e-5,393664,436.01224517822266,1114094720
7,99,"[0, 3, 0, 4]",-31,NaN,0,NaN,0,4.6792e-5,393664,4.6792e-5,393664,436.0122940540314,1114495216
7,100,"[0, 2, 5, 0]",-56,NaN,0,NaN,0,4.7917e-5,393664,4.7917e-5,393664,436.0123450756073,1114895712
7,101,"[0, 2, 4, 1]",-55,NaN,0,NaN,0,4.1375e-5,393664,4.1375e-5,393664,436.01238894462585,1115296208
7,102,"[0, 2, 3, 2]",-54,NaN,0,NaN,0,4.7291e-5,393664,4.7291e-5,393664,436.01243901252747,1115696704
7,103,"[0, 2, 2, 3]",-53,NaN,0,NaN,0,6.3125e-5,393664,6.3125e-5,393664,436.0125050544739,1116097200
7,104,"[0, 2, 1, 4]",-52,NaN,0,NaN,0,6.5041e-5,393664,6.5041e-5,393664,436.0125720500946,1116497696
7,105,"[0, 2, 0, 5]",-51,NaN,0,NaN,0,7.0166e-5,393664,7.0166e-5,393664,436.0126450061798,1116898192
7,106,"[0, 1, 6, 0]",-84,NaN,0,NaN,0,6.7625e-5,393664,6.7625e-5,393664,436.0127160549164,1117298688
7,107,"[0, 1, 5, 1]",-83,NaN,0,NaN,0,7.2917e-5,393664,7.2917e-5,393664,436.0127911567688,1117699184
7,108,"[0, 1, 4, 2]",-82,NaN,0,NaN,0,6.425e-5,393664,6.425e-5,393664,436.0128581523895,1118099680
7,109,"[0, 1, 3, 3]",-81,NaN,0,NaN,0,6.65e-5,393664,6.65e-5,393664,436.0129270553589,1118500176
7,110,"[0, 1, 2, 4]",-80,NaN,0,NaN,0,6.0166e-5,393664,6.0166e-5,393664,436.01298999786377,1118900672
7,111,"[0, 1, 1, 5]",-79,NaN,0,NaN,0,6.8625e-5,393664,6.8625e-5,393664,436.01306104660034,1119301168
7,112,"[0, 1, 0, 6]",-78,NaN,0,NaN,0,6.8333e-5,393664,6.8333e-5,393664,436.0131320953369,1119701664
7,113,"[0, 0, 7, 0]",120,0.000130458,985024,0.364457083,637094032,NaN,0,0.364587541,638079056,436.37771701812744,1164917952
7,114,"[0, 0, 6, 1]",119,8.8666e-5,1970512,0.26069425,643188912,NaN,0,0.26078291600000003,645159424,436.6385190486908,1108487664
7,115,"[0, 0, 5, 2]",118,8.8125e-5,1970544,0.366671709,637094336,NaN,0,0.366759834,639064880,437.0052969455719,1089399776
7,116,"[0, 0, 4, 3]",117,9.1334e-5,1970576,0.3693385,782424288,NaN,0,0.369429834,784394864,437.3747420310974,1273006128
7,117,"[0, 0, 3, 4]",-116,NaN,0,NaN,0,4.9834e-5,393664,4.9834e-5,393664,437.37481212615967,1273406672
7,118,"[0, 0, 2, 5]",-115,NaN,0,NaN,0,4.6917e-5,393664,4.6917e-5,393664,437.3748619556427,1273807168
7,119,"[0, 0, 1, 6]",-114,NaN,0,NaN,0,5.0875e-5,393664,5.0875e-5,393664,437.37491607666016,1274207664
7,120,"[0, 0, 0, 7]",-113,NaN,0,NaN,0,4.5375e-5,393664,4.5375e-5,393664,437.3749680519104,1274608160
8,1,"[8, 0, 0, 0]",121,6.25e-7,0,0.536449959,635684960,NaN,0,0.536450584,635684960,1090.3693490028381,1284443584
8,2,"[7, 1, 0, 0]",85,2.91e-7,0,0.270817875,647956640,NaN,0,0.27081816599999997,647956640,1090.6401860713959,1301662608
8,3,"[7, 0, 1, 0]",123,4.5084e-5,983792,0.275491583,632785072,NaN,0,0.27553666699999996,633768864,1090.9157421588898,1089400160
8,4,"[7, 0, 0, 1]",122,4.525e-5,983808,0.387872333,632785328,NaN,0,0.387917583,633769136,1091.3036770820618,1361187216
8,5,"[6, 2, 0, 0]",57,2.5e-7,0,0.250697833,632785072,NaN,0,0.25069808299999996,632785072,1091.5543961524963,1089399776
8,6,"[6, 1, 1, 0]",87,4.5125e-5,983808,0.25175425,632785056,NaN,0,0.251799375,633768864,1091.8062100410461,1095921088
8,7,"[6, 1, 0, 1]",86,4.4e-5,983856,0.354383459,632785040,NaN,0,0.354427459,633768896,1092.1606531143188,1224541696
8,8,"[6, 0, 2, 0]",126,4.3792e-5,983824,0.251673458,632785072,NaN,0,0.25171725,633768896,1092.4123899936676,1089400160
8,9,"[6, 0, 1, 1]",125,8.5334e-5,1967712,0.355356875,632785056,NaN,0,0.355442209,634752768,1092.7678520679474,1166552976
8,10,"[6, 0, 0, 2]",124,4.5917e-5,983888,0.250544667,639699328,NaN,0,0.250590584,640683216,1093.0184571743011,1807243072
8,11,"[5, 3, 0, 0]",36,4.17e-7,0,0.248998334,632785072,NaN,0,0.248998751,632785072,1093.2674760818481,1220016208
8,12,"[5, 2, 1, 0]",59,4.4875e-5,983856,0.260965333,632785056,NaN,0,0.261010208,633768912,1093.5285031795502,1233009200
8,13,"[5, 2, 0, 1]",58,4.4333e-5,983952,0.347748541,632785104,NaN,0,0.34779287400000003,633769056,1093.8763091564178,1089399808
8,14,"[5, 1, 2, 0]",90,4.5458e-5,983872,0.250285958,639699104,NaN,0,0.250331416,640682976,1094.126659154892,1095495008
8,15,"[5, 1, 1, 1]",89,8.6167e-5,1967856,0.359354708,632785040,NaN,0,0.35944087500000005,634752896,1094.4861161708832,1164917952
8,16,"[5, 1, 0, 2]",88,4.5583e-5,983984,0.260794458,639699376,NaN,0,0.260840041,640683360,1094.746973991394,1187562048
8,17,"[5, 0, 3, 0]",130,4.8959e-5,983904,0.276071833,632785056,NaN,0,0.276120792,633768960,1095.0231130123138,1102491264
8,18,"[5, 0, 2, 1]",129,8.5458e-5,1967920,0.347008167,632785088,NaN,0,0.34709362499999996,634753008,1095.3702211380005,1089399776
8,19,"[5, 0, 1, 2]",128,8.5541e-5,1967952,0.262170917,639699104,NaN,0,0.262256458,641667056,1095.6324961185455,1172582672
8,20,"[5, 0, 0, 3]",127,4.5583e-5,984032,0.379075084,633604256,NaN,0,0.379120667,634588288,1096.01163315773,1166503824
8,21,"[4, 4, 0, 0]",21,4.16e-7,0,0.246789125,639699056,NaN,0,0.246789541,639699056,1096.2584381103516,1226192912
8,22,"[4, 3, 1, 0]",38,4.925e-5,983952,0.258709,639699392,NaN,0,0.25875825,640683344,1096.5172140598297,1227012112
8,23,"[4, 3, 0, 1]",37,4.4416e-5,984112,0.372576583,632785104,NaN,0,0.372620999,633769216,1096.8898479938507,1168392176
8,24,"[4, 2, 2, 0]",62,4.575e-5,983968,0.250875042,639699088,NaN,0,0.250920792,640683056,1097.1407861709595,1121906368
8,25,"[4, 2, 1, 1]",61,8.6709e-5,1968112,0.25356075,632785040,NaN,0,0.253647459,634753152,1097.3944520950317,1142223216
8,26,"[4, 2, 0, 2]",60,4.575e-5,984144,0.35668975,632785072,NaN,0,0.35673550000000004,633769216,1097.7512030601501,1224541760
8,27,"[4, 1, 3, 0]",94,4.5583e-5,984000,0.25113775,632785072,NaN,0,0.251183333,633769072,1098.002405166626,1089400192
8,28,"[4, 1, 2, 1]",93,8.6916e-5,1968176,0.265624959,632785328,NaN,0,0.265711875,634753504,1098.2681319713593,1115811856
8,29,"[4, 1, 1, 2]",92,8.6042e-5,1968208,0.346407083,632785072,NaN,0,0.346493125,634753280,1098.6146421432495,1089399792
8,30,"[4, 1, 0, 3]",91,4.95e-5,984192,0.25192625,639699104,NaN,0,0.25197575,640683296,1098.866634130478,1172631840
8,31,"[4, 0, 4, 0]",135,5.0709e-5,984048,0.363892792,633604256,NaN,0,0.363943501,634588304,1099.2305901050568,1166503824
8,32,"[4, 0, 3, 1]",134,8.8292e-5,1968272,0.252730958,639699056,NaN,0,0.25281925,641667328,1099.483423948288,1226176528
8,33,"[4, 0, 2, 2]",133,8.7042e-5,1968304,0.25172925,639699104,NaN,0,0.251816292,641667408,1099.7352550029755,1226995728
8,34,"[4, 0, 1, 3]",132,8.6584e-5,1968336,0.361312166,632785392,NaN,0,0.36139875,634753728,1100.0966670513153,1168375792
8,35,"[4, 0, 0, 4]",131,4.5708e-5,984256,0.251536042,632785040,NaN,0,0.25158175,633769296,1100.348265171051,1115811520
8,36,"[3, 5, 0, 0]",-11,NaN,0,NaN,0,4.5167e-5,393664,4.5167e-5,393664,1100.3483290672302,1116212064
8,37,"[3, 4, 1, 0]",-23,NaN,0,NaN,0,4.2375e-5,393664,4.2375e-5,393664,1100.3483760356903,1116612560
8,38,"[3, 4, 0, 1]",-22,NaN,0,NaN,0,4.2417e-5,393664,4.2417e-5,393664,1100.3484210968018,1117013056
8,39,"[3, 3, 2, 0]",41,4.4292e-5,984128,0.269571625,632785040,NaN,0,0.269615917,633769168,1100.618036031723,1128902880
8,40,"[3, 3, 1, 1]",40,8.6334e-5,1968512,0.356001542,632785088,NaN,0,0.356087876,634753600,1100.9741351604462,1089399808
8,41,"[3, 3, 0, 2]",-39,NaN,0,NaN,0,4.3542e-5,393664,4.3542e-5,393664,1100.9741990566254,1089800352
8,42,"[3, 2, 3, 0]",66,4.4333e-5,984160,0.259612292,639699104,NaN,0,0.25965662500000003,640683264,1101.2338559627533,1172255024
8,43,"[3, 2, 2, 1]",65,8.975e-5,1968576,0.362963792,633604256,NaN,0,0.363053542,635572832,1101.5969240665436,1166503824
8,44,"[3, 2, 1, 2]",64,8.8875e-5,1968608,0.251720209,639699344,NaN,0,0.25180908399999996,641667952,1101.8487491607666,1226176528
8,45,"[3, 2, 0, 3]",63,4.5667e-5,984432,0.253198417,639699104,NaN,0,0.25324408400000004,640683536,1102.10200715065,1226995728
8,46,"[3, 1, 4, 0]",99,4.4916e-5,984208,0.362391666,632785104,NaN,0,0.362436582,633769312,1102.464457988739,1168375792
8,47,"[3, 1, 3, 1]",98,9.0708e-5,1968672,0.254848833,632785040,NaN,0,0.254939541,634753712,1102.71941614151,1115811520
8,48,"[3, 1, 2, 2]",97,9.4792e-5,1968704,0.254156375,632785040,NaN,0,0.254251167,634753744,1102.9736831188202,1128902960
8,49,"[3, 1, 1, 3]",96,8.6292e-5,1968736,0.359435167,632785072,NaN,0,0.359521459,634753808,1103.3332180976868,1224541760
8,50,"[3, 1, 0, 4]",95,4.7917e-5,984496,0.253602125,632785360,NaN,0,0.253650042,633769856,1103.5868861675262,1089400192
8,51,"[3, 0, 5, 0]",141,4.4875e-5,984272,0.263063625,632785040,NaN,0,0.2631085,633769312,1103.8500111103058,1115811856
8,52,"[3, 0, 4, 1]",140,9.1209e-5,1968800,0.349586875,632785072,NaN,0,0.349678084,634753872,1104.19970703125,1089399792
8,53,"[3, 0, 3, 2]",139,8.6625e-5,1968832,0.25230225,639699104,NaN,0,0.252388875,641667936,1104.4521119594574,1172599072
8,54,"[3, 0, 2, 3]",138,9.375e-5,1968864,0.364334917,633604256,NaN,0,0.364428667,635573120,1104.8165571689606,1166536592
8,55,"[3, 0, 1, 4]",137,8.775e-5,1968896,0.250460584,639699056,NaN,0,0.250548334,641667952,1105.0671210289001,1226209296
8,56,"[3, 0, 0, 5]",136,4.7084e-5,984576,0.253458292,639699392,NaN,0,0.25350537599999995,640683968,1105.3206429481506,1227028496
8,57,"[2, 6, 0, 0]",-5,NaN,0,NaN,0,3.9875e-5,393664,3.9875e-5,393664,1105.3207039833069,1227429056
8,58,"[2, 5, 1, 0]",-13,NaN,0,NaN,0,4.0417e-5,393664,4.0417e-5,393664,1105.3207471370697,1227829552
8,59,"[2, 5, 0, 1]",-12,NaN,0,NaN,0,0.002567709,393664,0.002567709,393664,1105.3233180046082,1228230048
8,60,"[2, 4, 2, 0]",-26,NaN,0,NaN,0,0.000722583,393664,0.000722583,393664,1105.324047088623,1228630544
8,61,"[2, 4, 1, 1]",-25,NaN,0,NaN,0,4.1916e-5,393664,4.1916e-5,393664,1105.3240921497345,1229031040
8,62,"[2, 4, 0, 2]",-24,NaN,0,NaN,0,4.45e-5,393664,4.45e-5,393664,1105.324140071869,1229431536
8,63,"[2, 3, 3, 0]",-45,NaN,0,NaN,0,4.9166e-5,393664,4.9166e-5,393664,1105.3241920471191,1229832016
8,64,"[2, 3, 2, 1]",-44,NaN,0,NaN,0,4.6041e-5,393664,4.6041e-5,393664,1105.3242399692535,1230232512
8,65,"[2, 3, 1, 2]",-43,NaN,0,NaN,0,4.6084e-5,393664,4.6084e-5,393664,1105.3242890834808,1230633008
8,66,"[2, 3, 0, 3]",-42,NaN,0,NaN,0,4.4167e-5,393664,4.4167e-5,393664,1105.324336051941,1231033504
8,67,"[2, 2, 4, 0]",71,4.6125e-5,984448,0.362349375,632785088,NaN,0,0.3623955,633769536,1105.6867289543152,1242087568
8,68,"[2, 2, 3, 1]",70,8.5625e-5,1969248,0.270266417,639699088,NaN,0,0.27035204199999996,641668336,1105.9570970535278,1185641008
8,69,"[2, 2, 2, 2]",69,8.7e-5,1969280,0.258702083,633604208,NaN,0,0.25878908300000003,635573488,1106.2159061431885,1239251536
8,70,"[2, 2, 1, 3]",-68,NaN,0,NaN,0,4.9625e-5,393664,4.9625e-5,393664,1106.2159831523895,1239652080
8,71,"[2, 2, 0, 4]",-67,NaN,0,NaN,0,4.9333e-5,393664,4.9333e-5,393664,1106.216061115265,1240052576
8,72,"[2, 1, 5, 0]",105,4.6125e-5,984512,0.350145084,632785136,NaN,0,0.350191209,633769648,1106.5662500858307,1089399824
8,73,"[2, 1, 4, 1]",104,9.9333e-5,1969376,0.253800166,639699104,NaN,0,0.253899499,641668480,1106.820168018341,1095495024
8,74,"[2, 1, 3, 2]",103,8.5875e-5,1969408,0.358779166,632785328,NaN,0,0.358865041,634754736,1107.1790471076965,1164917952
8,75,"[2, 1, 2, 3]",102,8.7209e-5,1969440,0.250984666,639699072,NaN,0,0.251071875,641668512,1107.430135011673,1262076640
8,76,"[2, 1, 1, 4]",101,0.000126792,1969472,0.37243425,632785104,NaN,0,0.372561042,634754576,1107.802710056305,1091238912
8,77,"[2, 1, 0, 5]",100,4.5166e-5,984912,0.252638292,635308192,NaN,0,0.25268345799999997,636293104,1108.0554089546204,1102392832
8,78,"[2, 0, 6, 0]",148,5.0584e-5,984592,0.360106875,635308192,NaN,0,0.360157459,636292784,1108.415580034256,1089399744
8,79,"[2, 0, 5, 1]",147,8.9292e-5,1969536,0.251278208,642222192,NaN,0,0.2513675,644191728,1108.6669640541077,1225947104
8,80,"[2, 0, 4, 2]",146,8.8292e-5,1969568,0.247894291,642222528,NaN,0,0.24798258299999998,644192096,1108.9149630069733,1226766304
8,81,"[2, 0, 3, 3]",145,0.00010375,1969600,0.364577209,634931408,NaN,0,0.364680959,636901008,1109.2796630859375,1168146416
8,82,"[2, 0, 2, 4]",144,8.7833e-5,1969632,0.248961208,635308176,NaN,0,0.249049041,637277808,1109.5287301540375,1115811520
8,83,"[2, 0, 1, 5]",143,8.7291e-5,1969664,0.26720725,635308192,NaN,0,0.267294541,637277856,1109.796040058136,1128804496
8,84,"[2, 0, 0, 6]",142,4.5959e-5,985008,0.350198167,634931376,NaN,0,0.350244126,635916384,1110.146299123764,1089399792
8,85,"[1, 7, 0, 0]",-2,NaN,0,NaN,0,4.2584e-5,393664,4.2584e-5,393664,1110.1463630199432,1089800336
8,86,"[1, 6, 1, 0]",-7,NaN,0,NaN,0,4.4625e-5,393664,4.4625e-5,393664,1110.1464109420776,1090200832
8,87,"[1, 6, 0, 1]",-6,NaN,0,NaN,0,4.1291e-5,393664,4.1291e-5,393664,1110.146456003189,1090601328
8,88,"[1, 5, 2, 0]",-16,NaN,0,NaN,0,4.5042e-5,393664,4.5042e-5,393664,1110.1465029716492,1091001824
8,89,"[1, 5, 1, 1]",-15,NaN,0,NaN,0,4.4209e-5,393664,4.4209e-5,393664,1110.1465501785278,1091402320
8,90,"[1, 5, 0, 2]",-14,NaN,0,NaN,0,4.55e-5,393664,4.55e-5,393664,1110.1465990543365,1091802816
8,91,"[1, 4, 3, 0]",-30,NaN,0,NaN,0,4.8166e-5,393664,4.8166e-5,393664,1110.1466500759125,1092203312
8,92,"[1, 4, 2, 1]",-29,NaN,0,NaN,0,4.1917e-5,393664,4.1917e-5,393664,1110.146693944931,1092603808
8,93,"[1, 4, 1, 2]",-28,NaN,0,NaN,0,5.3042e-5,393664,5.3042e-5,393664,1110.1467499732971,1093004304
8,94,"[1, 4, 0, 3]",-27,NaN,0,NaN,0,5.8042e-5,393664,5.8042e-5,393664,1110.1468110084534,1093404800
8,95,"[1, 3, 4, 0]",-50,NaN,0,NaN,0,4.0791e-5,393664,4.0791e-5,393664,1110.1468541622162,1093805296
8,96,"[1, 3, 3, 1]",-49,NaN,0,NaN,0,4.1417e-5,393664,4.1417e-5,393664,1110.146898984909,1094205792
8,97,"[1, 3, 2, 2]",-48,NaN,0,NaN,0,4.5292e-5,393664,4.5292e-5,393664,1110.1469459533691,1094606288
8,98,"[1, 3, 1, 3]",-47,NaN,0,NaN,0,5.2666e-5,393664,5.2666e-5,393664,1110.1470019817352,1095006784
8,99,"[1, 3, 0, 4]",-46,NaN,0,NaN,0,6.1417e-5,393664,6.1417e-5,393664,1110.147066116333,1095407280
8,100,"[1, 2, 5, 0]",-77,NaN,0,NaN,0,6.75e-5,393664,6.75e-5,393664,1110.1471359729767,1095807776
8,101,"[1, 2, 4, 1]",-76,NaN,0,NaN,0,4.2208e-5,393664,4.2208e-5,393664,1110.1471810340881,1096208272
8,102,"[1, 2, 3, 2]",-75,NaN,0,NaN,0,4.4166e-5,393664,4.4166e-5,393664,1110.1472280025482,1096608768
8,103,"[1, 2, 2, 3]",-74,NaN,0,NaN,0,4.1625e-5,393664,4.1625e-5,393664,1110.1472730636597,1097009264
8,104,"[1, 2, 1, 4]",-73,NaN,0,NaN,0,4.3833e-5,393664,4.3833e-5,393664,1110.1473190784454,1097409760
8,105,"[1, 2, 0, 5]",-72,NaN,0,NaN,0,4.125e-5,393664,4.125e-5,393664,1110.147362947464,1097810256
8,106,"[1, 1, 6, 0]",112,4.6333e-5,984928,0.258713125,642222240,NaN,0,0.258759458,643207168,1110.406121969223,1172386080
8,107,"[1, 1, 5, 1]",111,9.5667e-5,1970320,0.36414175,635750848,NaN,0,0.364237417,637721168,1110.7703740596771,1166176144
8,108,"[1, 1, 4, 2]",110,9.05e-5,1970352,0.256014291,642222192,NaN,0,0.256104791,644192544,1111.026494026184,1225865232
8,109,"[1, 1, 3, 3]",109,9.1958e-5,1970384,0.279272958,1370075296,NaN,0,0.279364916,1372045680,1111.3058750629425,1955072016
8,110,"[1, 1, 2, 4]",-108,NaN,0,NaN,0,4.1209e-5,393664,4.1209e-5,393664,1111.3059360980988,1955472592
8,111,"[1, 1, 1, 5]",-107,NaN,0,NaN,0,4.4666e-5,393664,4.4666e-5,393664,1111.3059849739075,1955873088
8,112,"[1, 1, 0, 6]",-106,NaN,0,NaN,0,4.1083e-5,393664,4.1083e-5,393664,1111.3060281276703,1956273584
8,113,"[1, 0, 7, 0]",156,4.7041e-5,985024,0.365715958,635308224,NaN,0,0.36576299900000003,636293248,1111.6717891693115,1241743792
8,114,"[1, 0, 6, 1]",155,9.175e-5,1970512,0.24904525,635308208,NaN,0,0.249137,637278720,1111.9209439754486,1102392848
8,115,"[1, 0, 5, 2]",154,8.7875e-5,1970544,0.359470875,634931360,NaN,0,0.35955875000000004,636901904,1112.2805171012878,1166454672
8,116,"[1, 0, 4, 3]",153,8.9209e-5,1970576,0.247955625,642222480,NaN,0,0.24804483400000002,644193056,1112.5285749435425,1226110992
8,117,"[1, 0, 3, 4]",152,8.8417e-5,1970608,0.274473166,642222240,NaN,0,0.274561583,644192848,1112.803153038025,1226930192
8,118,"[1, 0, 2, 5]",151,8.8709e-5,1970640,0.361801875,634931408,NaN,0,0.361890584,636902048,1113.1650581359863,1168310256
8,119,"[1, 0, 1, 6]",150,0.000132375,1970672,0.249051208,642222224,NaN,0,0.249183583,644192896,1113.4142570495605,1121906368
8,120,"[1, 0, 0, 7]",149,4.5542e-5,985568,0.262249916,635308176,NaN,0,0.26229545800000004,636293744,1113.6765689849854,1142223216
8,121,"[0, 8, 0, 0]",-1,NaN,0,NaN,0,5.5208e-5,393664,5.5208e-5,393664,1113.676645040512,1142623776
8,122,"[0, 7, 1, 0]",-4,NaN,0,NaN,0,4.3584e-5,393664,4.3584e-5,393664,1113.6766920089722,1143024272
8,123,"[0, 7, 0, 1]",-3,NaN,0,NaN,0,4.3292e-5,393664,4.3292e-5,393664,1113.6767389774323,1143424768
8,124,"[0, 6, 2, 0]",-10,NaN,0,NaN,0,3.8917e-5,393664,3.8917e-5,393664,1113.6767799854279,1143825264
8,125,"[0, 6, 1, 1]",-9,NaN,0,NaN,0,4.1667e-5,393664,4.1667e-5,393664,1113.6768250465393,1144225760
8,126,"[0, 6, 0, 2]",-8,NaN,0,NaN,0,4.4042e-5,393664,4.4042e-5,393664,1113.676871061325,1144626256
8,127,"[0, 5, 3, 0]",-20,NaN,0,NaN,0,4.025e-5,393664,4.025e-5,393664,1113.6769139766693,1145026752
8,128,"[0, 5, 2, 1]",-19,NaN,0,NaN,0,4.0291e-5,393664,4.0291e-5,393664,1113.6769580841064,1145427248
8,129,"[0, 5, 1, 2]",-18,NaN,0,NaN,0,4.3625e-5,393664,4.3625e-5,393664,1113.6770040988922,1145827744
8,130,"[0, 5, 0, 3]",-17,NaN,0,NaN,0,4.0209e-5,393664,4.0209e-5,393664,1113.6770479679108,1146228240
8,131,"[0, 4, 4, 0]",-35,NaN,0,NaN,0,3.9583e-5,393664,3.9583e-5,393664,1113.6770901679993,1146628736
8,132,"[0, 4, 3, 1]",-34,NaN,0,NaN,0,4.0083e-5,393664,4.0083e-5,393664,1113.6771330833435,1147029232
8,133,"[0, 4, 2, 2]",-33,NaN,0,NaN,0,4.4959e-5,393664,4.4959e-5,393664,1113.6771800518036,1147429728
8,134,"[0, 4, 1, 3]",-32,NaN,0,NaN,0,4.9167e-5,393664,4.9167e-5,393664,1113.6772320270538,1147830224
8,135,"[0, 4, 0, 4]",-31,NaN,0,NaN,0,4.0542e-5,393664,4.0542e-5,393664,1113.677276134491,1148230720
8,136,"[0, 3, 5, 0]",-56,NaN,0,NaN,0,3.9541e-5,393664,3.9541e-5,393664,1113.677318096161,1148631216
8,137,"[0, 3, 4, 1]",-55,NaN,0,NaN,0,4.0916e-5,393664,4.0916e-5,393664,1113.6773619651794,1149031712
8,138,"[0, 3, 3, 2]",-54,NaN,0,NaN,0,3.9666e-5,393664,3.9666e-5,393664,1113.677404165268,1149432208
8,139,"[0, 3, 2, 3]",-53,NaN,0,NaN,0,4.0667e-5,393664,4.0667e-5,393664,1113.6774470806122,1149832704
8,140,"[0, 3, 1, 4]",-52,NaN,0,NaN,0,4.0375e-5,393664,4.0375e-5,393664,1113.6774899959564,1150233200
8,141,"[0, 3, 0, 5]",-51,NaN,0,NaN,0,4.0583e-5,393664,4.0583e-5,393664,1113.6775341033936,1150633696
8,142,"[0, 2, 6, 0]",-84,NaN,0,NaN,0,4.0583e-5,393664,4.0583e-5,393664,1113.6775770187378,1151034192
8,143,"[0, 2, 5, 1]",-83,NaN,0,NaN,0,3.7583e-5,393664,3.7583e-5,393664,1113.677617073059,1151434688
8,144,"[0, 2, 4, 2]",-82,NaN,0,NaN,0,4.2667e-5,393664,4.2667e-5,393664,1113.6776630878448,1151835184
8,145,"[0, 2, 3, 3]",-81,NaN,0,NaN,0,3.9167e-5,393664,3.9167e-5,393664,1113.6777040958405,1152235680
8,146,"[0, 2, 2, 4]",-80,NaN,0,NaN,0,4.0625e-5,393664,4.0625e-5,393664,1113.677747964859,1152636176
8,147,"[0, 2, 1, 5]",-79,NaN,0,NaN,0,4.0417e-5,393664,4.0417e-5,393664,1113.6777911186218,1153036672
8,148,"[0, 2, 0, 6]",-78,NaN,0,NaN,0,3.8042e-5,393664,3.8042e-5,393664,1113.6778311729431,1153437168
8,149,"[0, 1, 7, 0]",-120,NaN,0,NaN,0,4.3625e-5,393664,4.3625e-5,393664,1113.6778781414032,1153837664
8,150,"[0, 1, 6, 1]",-119,NaN,0,NaN,0,3.9625e-5,393664,3.9625e-5,393664,1113.6779201030731,1154238160
8,151,"[0, 1, 5, 2]",-118,NaN,0,NaN,0,4.05e-5,393664,4.05e-5,393664,1113.6779630184174,1154638656
8,152,"[0, 1, 4, 3]",-117,NaN,0,NaN,0,4.0125e-5,393664,4.0125e-5,393664,1113.6780061721802,1155039152
8,153,"[0, 1, 3, 4]",-116,NaN,0,NaN,0,6.9209e-5,393664,6.9209e-5,393664,1113.678078174591,1155439648
8,154,"[0, 1, 2, 5]",-115,NaN,0,NaN,0,6.2958e-5,393664,6.2958e-5,393664,1113.678143978119,1155840144
8,155,"[0, 1, 1, 6]",-114,NaN,0,NaN,0,6.9875e-5,393664,6.9875e-5,393664,1113.6782159805298,1156240640
8,156,"[0, 1, 0, 7]",-113,NaN,0,NaN,0,6.6458e-5,393664,6.6458e-5,393664,1113.6782851219177,1156641136
8,157,"[0, 0, 8, 0]",165,8.15e-5,985584,0.362903125,634931376,NaN,0,0.362984625,635916960,1114.041267156601,1284066816
8,158,"[0, 0, 7, 1]",164,9.2833e-5,1971760,0.25925025,635308496,NaN,0,0.25934308300000003,637280256,1114.3006279468536,1089400192
8,159,"[0, 0, 6, 2]",163,9.0083e-5,1971792,0.360979416,634931360,NaN,0,0.361069499,636903152,1114.6617109775543,1166126992
8,160,"[0, 0, 5, 3]",162,8.975e-5,1971824,0.27111625,642222192,NaN,0,0.271206,644194016,1114.9329299926758,1225816080
8,161,"[0, 0, 4, 4]",161,9.0208e-5,1971856,0.27383875,1363603616,NaN,0,0.273928958,1365575472,1115.2068741321564,1955022864
8,162,"[0, 0, 3, 5]",-160,NaN,0,NaN,0,4.5e-5,393664,4.5e-5,393664,1115.206941127777,1955423440
8,163,"[0, 0, 2, 6]",-159,NaN,0,NaN,0,4.375e-5,393664,4.375e-5,393664,1115.2069940567017,1955823920
8,164,"[0, 0, 1, 7]",-158,NaN,0,NaN,0,4.1625e-5,393664,4.1625e-5,393664,1115.207039117813,1956224416
8,165,"[0, 0, 0, 8]",-157,NaN,0,NaN,0,4.3583e-5,393664,4.3583e-5,393664,1115.2070851325989,1956624912
9,1,"[9, 0, 0, 0]",166,5.0e-7,0,0.520455042,634947680,NaN,0,0.520455542,634947680,2558.7201070785522,1226704384
9,2,"[8, 1, 0, 0]",121,3.34e-7,0,0.265445,645793952,NaN,0,0.265445334,645793952,2558.9855720996857,1255031824
9,3,"[8, 0, 1, 0]",168,4.475e-5,983792,0.287388917,634948048,NaN,0,0.287433667,635931840,2559.273022174835,1102392864
9,4,"[8, 0, 0, 1]",167,4.6292e-5,983808,0.277643125,634947744,NaN,0,0.277689417,635931552,2559.550729036331,1115385920
9,5,"[7, 2, 0, 0]",85,2.92e-7,0,0.354708417,632785056,NaN,0,0.354708709,632785056,2559.905454158783,1089399776
9,6,"[7, 1, 1, 0]",123,4.5167e-5,983808,0.242850875,639699104,NaN,0,0.242896042,640682912,2560.1483721733093,1172566288
9,7,"[7, 1, 0, 1]",122,4.4792e-5,983856,0.3631715,633604256,NaN,0,0.363216292,634588112,2560.511603116989,1166471056
9,8,"[7, 0, 2, 0]",171,4.5542e-5,983824,0.261217542,639699056,NaN,0,0.26126308400000003,640682880,2560.772880077362,1226110992
9,9,"[7, 0, 1, 1]",170,8.9917e-5,1967712,0.267453625,641862080,NaN,0,0.26754354199999997,643829792,2561.0404419898987,1226930192
9,10,"[7, 0, 0, 2]",169,4.4708e-5,983888,0.367403042,632785104,NaN,0,0.36744775,633768992,2561.4079020023346,1168310256
9,11,"[6, 3, 0, 0]",57,2.91e-7,0,0.277714208,639699088,NaN,0,0.277714499,639699088,2561.6856310367584,1121906368
9,12,"[6, 2, 1, 0]",87,4.5417e-5,983856,0.271901792,634947728,NaN,0,0.27194720899999997,635931584,2561.9575929641724,1142223136
9,13,"[6, 2, 0, 1]",86,4.5959e-5,983952,0.347843916,632785088,NaN,0,0.34788987499999996,633769040,2562.3054990768433,1089399808
9,14,"[6, 1, 2, 0]",126,4.5541e-5,983872,0.265623958,639699104,NaN,0,0.265669499,640682976,2562.5711851119995,1172599088
9,15,"[6, 1, 1, 1]",125,8.5709e-5,1967856,0.371245625,633604544,NaN,0,0.371331334,635572400,2562.942528963089,1166454672
9,16,"[6, 1, 0, 2]",124,4.525e-5,983984,0.269112041,639699056,NaN,0,0.269157291,640683040,2563.2116980552673,1226110992
9,17,"[6, 0, 3, 0]",175,4.6333e-5,983904,0.265782541,641861792,NaN,0,0.265828874,642845696,2563.4775450229645,1226930192
9,18,"[6, 0, 2, 1]",174,8.7166e-5,1967920,0.369289834,632785088,NaN,0,0.369377,634753008,2563.8469371795654,1241989264
9,19,"[6, 0, 1, 2]",173,8.8958e-5,1967952,0.316390084,639699088,NaN,0,0.316479042,641667040,2564.1634340286255,1185641008
9,20,"[6, 0, 0, 3]",172,4.4375e-5,984032,0.412055917,635766976,NaN,0,0.412100292,636751008,2564.575548171997,1166503888
9,21,"[5, 4, 0, 0]",36,1.667e-6,0,0.43774225,778967552,NaN,0,0.437743917,778967552,2565.01331114769,1287407728
9,22,"[5, 3, 1, 0]",59,8.2708e-5,983952,0.305177541,634947744,NaN,0,0.305260249,635931696,2565.318645954132,1233401904
9,23,"[5, 3, 0, 1]",58,7.7833e-5,984112,0.509067083,759044400,NaN,0,0.509144916,760028512,2565.827805042267,1287307728
9,24,"[5, 2, 2, 0]",90,6.4084e-5,983968,0.25434,632785072,NaN,0,0.25440408400000003,633769040,2566.0822269916534,1102392848
9,25,"[5, 2, 1, 1]",89,8.5042e-5,1968112,0.267215917,632785008,NaN,0,0.267300959,634753120,2566.3495421409607,1233025520
9,26,"[5, 2, 0, 2]",88,4.5291e-5,984144,0.4702385,765139264,NaN,0,0.470283791,766123408,2566.8198380470276,1142586448
9,27,"[5, 1, 3, 0]",130,4.6458e-5,984000,0.270719166,632785344,NaN,0,0.27076562400000004,633769344,2567.090621948242,1089400096
9,28,"[5, 1, 2, 1]",129,8.7792e-5,1968176,0.344202833,632785056,NaN,0,0.34429062499999996,634753232,2567.4349281787872,1089399776
9,29,"[5, 1, 1, 2]",128,0.000158083,1968208,0.248241083,638879904,NaN,0,0.248399166,640848112,2567.6833431720734,1172599056
9,30,"[5, 1, 0, 3]",127,4.5209e-5,984192,0.466759042,759044352,NaN,0,0.466804251,760028544,2568.1501610279083,1287323888
9,31,"[5, 0, 4, 0]",180,4.7334e-5,984048,0.255454125,632785072,NaN,0,0.255501459,633769120,2568.405678987503,1102589520
9,32,"[5, 0, 3, 1]",179,8.8417e-5,1968272,0.36724,632785056,NaN,0,0.367328417,634753328,2568.773022174835,1089399744
9,33,"[5, 0, 2, 2]",178,9.3041e-5,1968304,0.249698167,638880144,NaN,0,0.249791208,640848448,2569.0228271484375,1226127328
9,34,"[5, 0, 1, 3]",177,8.55e-5,1968336,0.271704125,641042592,NaN,0,0.27178962500000003,643010928,2569.294630050659,1226127328
9,35,"[5, 0, 0, 4]",176,4.5e-5,984256,0.485367666,759044400,NaN,0,0.485412666,760028656,2569.780053138733,1287258608
9,36,"[4, 5, 0, 0]",-21,NaN,0,NaN,0,6.3459e-5,393664,6.3459e-5,393664,2569.7801401615143,1287659152
9,37,"[4, 4, 1, 0]",38,4.4959e-5,984112,0.366084,759044384,NaN,0,0.36612895900000003,760028496,2570.1462671756744,1149484640
9,38,"[4, 4, 0, 1]",-37,NaN,0,NaN,0,4.7583e-5,393664,4.7583e-5,393664,2570.146334171295,1149885184
9,39,"[4, 3, 2, 0]",62,4.6041e-5,984128,0.269661084,632784992,NaN,0,0.269707125,633769120,2570.416041135788,1321532000
9,40,"[4, 3, 1, 1]",61,8.6125e-5,1968512,0.49751375,761207104,NaN,0,0.49759987499999997,763175616,2570.913651943207,1595465264
9,41,"[4, 3, 0, 2]",60,4.6458e-5,984384,0.400043833,759044672,NaN,0,0.40009029100000004,760029056,2571.313756942749,1149484816
9,42,"[4, 2, 3, 0]",94,4.5292e-5,984160,0.436643833,632785056,NaN,0,0.43668912499999996,633769216,2571.7504601478577,1089399744
9,43,"[4, 2, 2, 1]",93,9.1125e-5,1968576,0.280312542,638879856,NaN,0,0.280403667,640848432,2572.0308830738068,1226160096
9,44,"[4, 2, 1, 2]",92,9.0375e-5,1968608,0.451704458,767301904,NaN,0,0.45179483299999995,769270512,2572.4826941490173,1267157008
9,45,"[4, 2, 0, 3]",91,4.5583e-5,984432,0.504594917,765139264,NaN,0,0.5046405,766123696,2572.987347126007,1142586432
9,46,"[4, 1, 4, 0]",135,4.5708e-5,984208,0.268889459,632785056,NaN,0,0.268935167,633769264,2573.25629901886,1089400160
9,47,"[4, 1, 3, 1]",134,9.2125e-5,1968672,0.359699458,632785328,NaN,0,0.359791583,634754000,2573.616105079651,1242022288
9,48,"[4, 1, 2, 2]",133,9.2875e-5,1968704,0.245166667,632785072,NaN,0,0.245259542,634753776,2573.8613810539246,1102392848
9,49,"[4, 1, 1, 3]",132,8.8917e-5,1968736,0.383393959,761207056,NaN,0,0.38348287600000003,763175792,2574.2448811531067,1162477696
9,50,"[4, 1, 0, 4]",131,4.775e-5,984496,0.488503125,772053264,NaN,0,0.488550875,773037760,2574.733446121216,1142586400
9,51,"[4, 0, 5, 0]",186,4.6542e-5,984272,0.277329625,632785056,NaN,0,0.277376167,633769328,2575.010838031769,1089400096
9,52,"[4, 0, 4, 1]",185,8.7792e-5,1968800,0.35781925,632785056,NaN,0,0.35790704199999995,634753856,2575.368761062622,1089399776
9,53,"[4, 0, 3, 2]",184,9.1875e-5,1968832,0.253499417,638880192,NaN,0,0.253591292,640849024,2575.6223680973053,1172566288
9,54,"[4, 0, 2, 3]",183,9.4583e-5,1968864,0.3512655,632785056,NaN,0,0.351360083,634753920,2575.9737441539764,1166454672
9,55,"[4, 0, 1, 4]",182,8.6917e-5,1968896,0.466073208,778148064,NaN,0,0.46616012500000004,780116960,2576.4399111270905,1274054736
9,56,"[4, 0, 0, 5]",181,4.7625e-5,984576,0.378562333,761207056,NaN,0,0.37860995799999997,762191632,2576.8185369968414,1267140688
9,57,"[3, 6, 0, 0]",-11,NaN,0,NaN,0,5.0709e-5,393664,5.0709e-5,393664,2576.8186111450195,1267541248
9,58,"[3, 5, 1, 0]",-23,NaN,0,NaN,0,5.2e-5,393664,5.2e-5,393664,2576.8186671733856,1267941744
9,59,"[3, 5, 0, 1]",-22,NaN,0,NaN,0,4.95e-5,393664,4.95e-5,393664,2576.818719148636,1268342224
9,60,"[3, 4, 2, 0]",-41,NaN,0,NaN,0,5.3333e-5,393664,5.3333e-5,393664,2576.8187761306763,1268742704
9,61,"[3, 4, 1, 1]",-40,NaN,0,NaN,0,4.6334e-5,393664,4.6334e-5,393664,2576.818825006485,1269143200
9,62,"[3, 4, 0, 2]",-39,NaN,0,NaN,0,5.3125e-5,393664,5.3125e-5,393664,2576.818881034851,1269543696
9,63,"[3, 3, 3, 0]",66,4.6375e-5,984400,0.370513125,632785088,NaN,0,0.3705595,633769488,2577.1894381046295,1467059616
9,64,"[3, 3, 2, 1]",65,8.6333e-5,1969152,0.366378917,759421216,NaN,0,0.36646525,761390368,2577.555916070938,1149484720
9,65,"[3, 3, 1, 2]",-64,NaN,0,NaN,0,3.6833e-5,393664,3.6833e-5,393664,2577.55597615242,1149885264
9,66,"[3, 3, 0, 3]",-63,NaN,0,NaN,0,3.6625e-5,393664,3.6625e-5,393664,2577.5560159683228,1150285760
9,67,"[3, 2, 4, 0]",99,4.6667e-5,984448,0.363287125,632785344,NaN,0,0.363333792,633769792,2577.919347047806,1254862736
9,68,"[3, 2, 3, 1]",98,8.9875e-5,1969248,0.251023084,638879840,NaN,0,0.251112959,640849088,2578.1704771518707,1895718704
9,69,"[3, 2, 2, 2]",97,0.000241417,1969280,0.36328475,765516064,NaN,0,0.363526167,767485344,2578.5340189933777,1267107984
9,70,"[3, 2, 1, 3]",96,9.35e-5,1969312,0.519020458,759044416,NaN,0,0.5191139579999999,761013728,2579.053148984909,1379009440
9,71,"[3, 2, 0, 4]",95,4.5375e-5,984832,0.254416084,638879856,NaN,0,0.254461459,639864688,2579.3076281547546,1314682992
9,72,"[3, 1, 5, 0]",141,4.5333e-5,984512,0.249498875,634947744,NaN,0,0.24954420800000002,635932256,2579.557188987732,1308588144
9,73,"[3, 1, 4, 1]",140,8.8459e-5,1969376,0.367124708,632785376,NaN,0,0.367213167,634754752,2579.9244151115417,1330364528
9,74,"[3, 1, 3, 2]",139,8.8375e-5,1969408,0.2571365,638879920,NaN,0,0.25722487499999996,640849328,2580.181657075882,1108487696
9,75,"[3, 1, 2, 3]",138,8.8917e-5,1969440,0.384542375,761207040,NaN,0,0.384631292,763176480,2580.566302061081,1175896272
9,76,"[3, 1, 1, 4]",137,8.7833e-5,1969472,0.465697,771234080,NaN,0,0.465784833,773203552,2581.032103061676,1142586416
9,77,"[3, 1, 0, 5]",136,4.6417e-5,984912,0.27687075,632785056,NaN,0,0.276917167,633769968,2581.3090341091156,1089400096
9,78,"[3, 0, 6, 0]",193,4.4792e-5,984592,0.367802584,632785056,NaN,0,0.367847376,633769648,2581.6768939495087,1089399776
9,79,"[3, 0, 5, 1]",192,8.7125e-5,1969536,0.257221375,638880192,NaN,0,0.2573085,640849728,2581.934219121933,1172680976
9,80,"[3, 0, 4, 2]",191,8.65e-5,1969568,0.356393542,632785056,NaN,0,0.356480042,634754624,2582.2907149791718,1168326544
9,81,"[3, 0, 3, 3]",190,0.00018375,1969600,0.246252208,638879856,NaN,0,0.246435958,640849456,2582.537167072296,1226160144
9,82,"[3, 0, 2, 4]",189,8.7042e-5,1969632,0.371899833,761207008,NaN,0,0.371986875,763176640,2582.9091629981995,1403966560
9,83,"[3, 0, 1, 5]",188,8.7542e-5,1969664,0.488418709,761207136,NaN,0,0.488506251,763176800,2583.39768409729,1570509232
9,84,"[3, 0, 0, 6]",187,4.7417e-5,985008,0.249793917,632785072,NaN,0,0.249841334,633770080,2583.6475450992584,1102392992
9,85,"[2, 7, 0, 0]",-5,NaN,0,NaN,0,3.7375e-5,393664,3.7375e-5,393664,2583.647602081299,1102793536
9,86,"[2, 6, 1, 0]",-13,NaN,0,NaN,0,3.675e-5,393664,3.675e-5,393664,2583.6476430892944,1103194032
9,87,"[2, 6, 0, 1]",-12,NaN,0,NaN,0,3.4209e-5,393664,3.4209e-5,393664,2583.647680044174,1103594528
9,88,"[2, 5, 2, 0]",-26,NaN,0,NaN,0,4.2541e-5,393664,4.2541e-5,393664,2583.6477251052856,1103995024
9,89,"[2, 5, 1, 1]",-25,NaN,0,NaN,0,3.8708e-5,393664,3.8708e-5,393664,2583.6477670669556,1104395520
9,90,"[2, 5, 0, 2]",-24,NaN,0,NaN,0,3.725e-5,393664,3.725e-5,393664,2583.647807121277,1104796016
9,91,"[2, 4, 3, 0]",-45,NaN,0,NaN,0,3.4083e-5,393664,3.4083e-5,393664,2583.6478431224823,1105196512
9,92,"[2, 4, 2, 1]",-44,NaN,0,NaN,0,3.5583e-5,393664,3.5583e-5,393664,2583.6478819847107,1105597008
9,93,"[2, 4, 1, 2]",-43,NaN,0,NaN,0,3.8459e-5,393664,3.8459e-5,393664,2583.6479229927063,1105997504
9,94,"[2, 4, 0, 3]",-42,NaN,0,NaN,0,3.5917e-5,393664,3.5917e-5,393664,2583.6479620933533,1106398000
9,95,"[2, 3, 4, 0]",-71,NaN,0,NaN,0,3.35e-5,393664,3.35e-5,393664,2583.6479980945587,1106798496
9,96,"[2, 3, 3, 1]",-70,NaN,0,NaN,0,3.2542e-5,393664,3.2542e-5,393664,2583.648034095764,1107198992
9,97,"[2, 3, 2, 2]",-69,NaN,0,NaN,0,3.45e-5,393664,3.45e-5,393664,2583.648071050644,1107599488
9,98,"[2, 3, 1, 3]",-68,NaN,0,NaN,0,4.0667e-5,393664,4.0667e-5,393664,2583.649003982544,1107999968
9,99,"[2, 3, 0, 4]",-67,NaN,0,NaN,0,3.3292e-5,393664,3.3292e-5,393664,2583.649043083191,1108400464
9,100,"[2, 2, 5, 0]",105,4.6625e-5,984848,0.251797417,632785296,NaN,0,0.25184404200000005,633770144,2583.9008870124817,1246411760
9,101,"[2, 2, 4, 1]",104,8.7042e-5,1970160,0.363162083,634947776,NaN,0,0.363249125,636917936,2584.264148950577,1378782624
9,102,"[2, 2, 3, 2]",103,8.9208e-5,1970192,0.370766084,759044384,NaN,0,0.370855292,761014576,2584.6350190639496,1149484736
9,103,"[2, 2, 2, 3]",-102,NaN,0,NaN,0,5.0125e-5,393664,5.0125e-5,393664,2584.635092020035,1149885280
9,104,"[2, 2, 1, 4]",-101,NaN,0,NaN,0,4.8416e-5,393664,4.8416e-5,393664,2584.635143995285,1150285776
9,105,"[2, 2, 0, 5]",-100,NaN,0,NaN,0,4.4583e-5,393664,4.4583e-5,393664,2584.635192155838,1150686272
9,106,"[2, 1, 6, 0]",148,4.7125e-5,984928,0.266179125,632785008,NaN,0,0.26622625,633769936,2584.901417016983,1321532080
9,107,"[2, 1, 5, 1]",147,8.8875e-5,1970320,0.353650083,632785104,NaN,0,0.353738958,634755424,2585.2551720142365,1089399824
9,108,"[2, 1, 4, 2]",146,8.95e-5,1970352,0.253197416,632785056,NaN,0,0.25328691600000003,634755408,2585.508474111557,1089400176
9,109,"[2, 1, 3, 3]",145,8.9333e-5,1970384,0.467069333,759044640,NaN,0,0.467158666,761015024,2585.9756469726562,1210170912
9,110,"[2, 1, 2, 4]",144,8.7708e-5,1970416,0.376052459,765139232,NaN,0,0.376140167,767109648,2586.3517990112305,1155579440
9,111,"[2, 1, 1, 5]",143,8.825e-5,1970448,0.266177125,632785008,NaN,0,0.266265375,634755456,2586.61808013916,1327708784
9,112,"[2, 1, 0, 6]",142,4.7333e-5,985456,0.357249333,632785104,NaN,0,0.357296666,633770560,2586.9753930568695,1089399824
9,113,"[2, 0, 7, 0]",201,4.5375e-5,985024,0.255063417,632785056,NaN,0,0.25510879200000003,633770080,2587.2305130958557,1089400176
9,114,"[2, 0, 6, 1]",200,9.0791e-5,1970512,0.358065959,632785040,NaN,0,0.35815674999999997,634755552,2587.5886840820312,1164917952
9,115,"[2, 0, 5, 2]",199,8.85e-5,1970544,0.258929542,638880208,NaN,0,0.259018042,640850752,2587.847718000412,1185247712
9,116,"[2, 0, 4, 3]",198,8.7833e-5,1970576,0.260456083,634947696,NaN,0,0.260543916,636918272,2588.1082730293274,1238825456
9,117,"[2, 0, 3, 4]",197,8.875e-5,1970608,0.468783084,765139264,NaN,0,0.46887183400000004,767109872,2588.577157974243,1142586448
9,118,"[2, 0, 2, 5]",196,9.0e-5,1970640,0.381437292,759011600,NaN,0,0.38152729199999996,760982240,2588.958701133728,1136459104
9,119,"[2, 0, 1, 6]",195,8.9458e-5,1970672,0.3521845,632785056,NaN,0,0.352273958,634755728,2589.310996055603,1089399776
9,120,"[2, 0, 0, 7]",194,4.6125e-5,985568,0.255845,638879904,NaN,0,0.255891125,639865472,2589.566903114319,1095494976
9,121,"[1, 8, 0, 0]",-2,NaN,0,NaN,0,5.0292e-5,393664,5.0292e-5,393664,2589.566971063614,1095895520
9,122,"[1, 7, 1, 0]",-7,NaN,0,NaN,0,4.2084e-5,393664,4.2084e-5,393664,2589.5670170783997,1096296016
9,123,"[1, 7, 0, 1]",-6,NaN,0,NaN,0,5.5167e-5,393664,5.5167e-5,393664,2589.5670759677887,1096696512
9,124,"[1, 6, 2, 0]",-16,NaN,0,NaN,0,4.2167e-5,393664,4.2167e-5,393664,2589.5671210289,1097097008
9,125,"[1, 6, 1, 1]",-15,NaN,0,NaN,0,4.5541e-5,393664,4.5541e-5,393664,2589.5671689510345,1097497504
9,126,"[1, 6, 0, 2]",-14,NaN,0,NaN,0,4.4625e-5,393664,4.4625e-5,393664,2589.5672171115875,1097898000
9,127,"[1, 5, 3, 0]",-30,NaN,0,NaN,0,4.7291e-5,393664,4.7291e-5,393664,2589.567267179489,1098298496
9,128,"[1, 5, 2, 1]",-29,NaN,0,NaN,0,0.000112458,393664,0.000112458,393664,2589.5673820972443,1098698992
9,129,"[1, 5, 1, 2]",-28,NaN,0,NaN,0,4.45e-5,393664,4.45e-5,393664,2589.5674300193787,1099099488
9,130,"[1, 5, 0, 3]",-27,NaN,0,NaN,0,5.9708e-5,393664,5.9708e-5,393664,2589.5674920082092,1099499984
9,131,"[1, 4, 4, 0]",-50,NaN,0,NaN,0,4.0084e-5,393664,4.0084e-5,393664,2589.567535161972,1099900480
9,132,"[1, 4, 3, 1]",-49,NaN,0,NaN,0,4.2208e-5,393664,4.2208e-5,393664,2589.567579984665,1100300976
9,133,"[1, 4, 2, 2]",-48,NaN,0,NaN,0,0.000118541,393664,0.000118541,393664,2589.567701101303,1100701472
9,134,"[1, 4, 1, 3]",-47,NaN,0,NaN,0,0.000140583,393664,0.000140583,393664,2589.5678441524506,1101101968
9,135,"[1, 4, 0, 4]",-46,NaN,0,NaN,0,0.000122583,393664,0.000122583,393664,2589.5679700374603,1101502464
9,136,"[1, 3, 5, 0]",-77,NaN,0,NaN,0,0.000127792,393664,0.000127792,393664,2589.568099975586,1101902960
9,137,"[1, 3, 4, 1]",-76,NaN,0,NaN,0,0.000121458,393664,0.000121458,393664,2589.568223953247,1102303456
9,138,"[1, 3, 3, 2]",-75,NaN,0,NaN,0,0.000116083,393664,0.000116083,393664,2589.5683431625366,1102703952
9,139,"[1, 3, 2, 3]",-74,NaN,0,NaN,0,0.000128708,393664,0.000128708,393664,2589.5684740543365,1103104448
9,140,"[1, 3, 1, 4]",-73,NaN,0,NaN,0,0.000106667,393664,0.000106667,393664,2589.5685839653015,1103504944
9,141,"[1, 3, 0, 5]",-72,NaN,0,NaN,0,9.7459e-5,393664,9.7459e-5,393664,2589.5686841011047,1103905440
9,142,"[1, 2, 6, 0]",-112,NaN,0,NaN,0,0.000111084,393664,0.000111084,393664,2589.5687980651855,1104305936
9,143,"[1, 2, 5, 1]",-111,NaN,0,NaN,0,0.000112916,393664,0.000112916,393664,2589.5689129829407,1104706432
9,144,"[1, 2, 4, 2]",-110,NaN,0,NaN,0,0.000100833,393664,0.000100833,393664,2589.5690171718597,1105106928
9,145,"[1, 2, 3, 3]",-109,NaN,0,NaN,0,9.15e-5,393664,9.15e-5,393664,2589.56911110878,1105507424
9,146,"[1, 2, 2, 4]",-108,NaN,0,NaN,0,9.1125e-5,393664,9.1125e-5,393664,2589.5692059993744,1105907920
9,147,"[1, 2, 1, 5]",-107,NaN,0,NaN,0,9.2333e-5,393664,9.2333e-5,393664,2589.5693011283875,1106308416
9,148,"[1, 2, 0, 6]",-106,NaN,0,NaN,0,8.3709e-5,393664,8.3709e-5,393664,2589.569386959076,1106708912
9,149,"[1, 1, 7, 0]",156,0.000139125,985472,0.373754041,632785328,NaN,0,0.373893166,633770800,2589.94327712059,1164917952
9,150,"[1, 1, 6, 1]",155,0.000110667,1971536,0.251695208,650102960,NaN,0,0.251805875,652074496,2590.195100069046,1111469552
9,151,"[1, 1, 5, 2]",154,9.0209e-5,1971568,0.367798208,634931360,NaN,0,0.367888417,636902928,2590.563004016876,1089399776
9,152,"[1, 1, 4, 3]",153,0.000127083,1971600,0.386485584,781080800,NaN,0,0.38661266699999997,783052400,2590.949625968933,1266862128
9,153,"[1, 1, 3, 4]",-152,NaN,0,NaN,0,3.9084e-5,393664,3.9084e-5,393664,2590.9496829509735,1267262688
9,154,"[1, 1, 2, 5]",-151,NaN,0,NaN,0,4.675e-5,393664,4.675e-5,393664,2590.9497339725494,1267663184
9,155,"[1, 1, 1, 6]",-150,NaN,0,NaN,0,3.3792e-5,393664,3.3792e-5,393664,2590.949769973755,1268063680
9,156,"[1, 1, 0, 7]",-149,NaN,0,NaN,0,3.3459e-5,393664,3.3459e-5,393664,2590.9498059749603,1268464176
9,157,"[1, 0, 8, 0]",210,4.6584e-5,985584,0.245422209,637094048,NaN,0,0.245468793,638079632,2591.1952781677246,1219803120
9,158,"[1, 0, 7, 1]",209,8.8e-5,1971760,0.366299417,634931392,NaN,0,0.366387417,636903152,2591.5616800785065,1241776240
9,159,"[1, 0, 6, 2]",208,9.1458e-5,1971792,0.256822958,641026512,NaN,0,0.256914416,642998304,2591.818613052368,1108487696
9,160,"[1, 0, 5, 3]",207,8.9417e-5,1971824,0.360959166,637094048,NaN,0,0.361048583,639065872,2592.1796820163727,1089399776
9,161,"[1, 0, 4, 4]",206,9.3667e-5,1971856,0.372754417,781113568,NaN,0,0.372848084,783085424,2592.552544116974,1274071088
9,162,"[1, 0, 3, 5]",205,8.9959e-5,1971888,0.382055416,763353360,NaN,0,0.38214537499999995,765325248,2592.9347009658813,1267157008
9,163,"[1, 0, 2, 6]",204,9.0084e-5,1971920,0.351348792,634931408,NaN,0,0.351438876,636903328,2593.2861561775208,1089399792
9,164,"[1, 0, 1, 7]",203,8.8167e-5,1971952,0.2578005,634931360,NaN,0,0.25788866699999996,636903312,2593.5440561771393,1089400144
9,165,"[1, 0, 0, 8]",202,4.7417e-5,986272,0.359511208,634931632,NaN,0,0.359558625,635917904,2593.90362906456,1164917952
9,166,"[0, 9, 0, 0]",-1,NaN,0,NaN,0,4.4125e-5,393664,4.4125e-5,393664,2593.903694152832,1165318496
9,167,"[0, 8, 1, 0]",-4,NaN,0,NaN,0,4.8292e-5,393664,4.8292e-5,393664,2593.9037470817566,1165718992
9,168,"[0, 8, 0, 1]",-3,NaN,0,NaN,0,4.4291e-5,393664,4.4291e-5,393664,2593.9037940502167,1166119488
9,169,"[0, 7, 2, 0]",-10,NaN,0,NaN,0,4.15e-5,393664,4.15e-5,393664,2593.903838157654,1166519984
9,170,"[0, 7, 1, 1]",-9,NaN,0,NaN,0,4.1209e-5,393664,4.1209e-5,393664,2593.9038820266724,1166920480
9,171,"[0, 7, 0, 2]",-8,NaN,0,NaN,0,4.2792e-5,393664,4.2792e-5,393664,2593.903928041458,1167320976
9,172,"[0, 6, 3, 0]",-20,NaN,0,NaN,0,4.2833e-5,393664,4.2833e-5,393664,2593.9039731025696,1167721472
9,173,"[0, 6, 2, 1]",-19,NaN,0,NaN,0,4.1583e-5,393664,4.1583e-5,393664,2593.904018163681,1168121968
9,174,"[0, 6, 1, 2]",-18,NaN,0,NaN,0,4.2542e-5,393664,4.2542e-5,393664,2593.904062986374,1168522464
9,175,"[0, 6, 0, 3]",-17,NaN,0,NaN,0,4.5e-5,393664,4.5e-5,393664,2593.904111146927,1168922960
9,176,"[0, 5, 4, 0]",-35,NaN,0,NaN,0,4.7125e-5,393664,4.7125e-5,393664,2593.90416097641,1169323440
9,177,"[0, 5, 3, 1]",-34,NaN,0,NaN,0,4.65e-5,393664,4.65e-5,393664,2593.904210090637,1169723936
9,178,"[0, 5, 2, 2]",-33,NaN,0,NaN,0,4.4042e-5,393664,4.4042e-5,393664,2593.9042570590973,1170124432
9,179,"[0, 5, 1, 3]",-32,NaN,0,NaN,0,4.4333e-5,393664,4.4333e-5,393664,2593.9043040275574,1170524928
9,180,"[0, 5, 0, 4]",-31,NaN,0,NaN,0,4.5625e-5,393664,4.5625e-5,393664,2593.9043519496918,1170925424
9,181,"[0, 4, 5, 0]",-56,NaN,0,NaN,0,4.0459e-5,393664,4.0459e-5,393664,2593.9043951034546,1171325920
9,182,"[0, 4, 4, 1]",-55,NaN,0,NaN,0,4.0042e-5,393664,4.0042e-5,393664,2593.904438018799,1171726416
9,183,"[0, 4, 3, 2]",-54,NaN,0,NaN,0,4.25e-5,393664,4.25e-5,393664,2593.9044830799103,1172126912
9,184,"[0, 4, 2, 3]",-53,NaN,0,NaN,0,5.0375e-5,393664,5.0375e-5,393664,2593.904536008835,1172527408
9,185,"[0, 4, 1, 4]",-52,NaN,0,NaN,0,4.0083e-5,393664,4.0083e-5,393664,2593.9045791625977,1172927904
9,186,"[0, 4, 0, 5]",-51,NaN,0,NaN,0,3.9833e-5,393664,3.9833e-5,393664,2593.904622077942,1173328400
9,187,"[0, 3, 6, 0]",-84,NaN,0,NaN,0,4.4791e-5,393664,4.4791e-5,393664,2593.904669046402,1173728896
9,188,"[0, 3, 5, 1]",-83,NaN,0,NaN,0,4.4083e-5,393664,4.4083e-5,393664,2593.904716014862,1174129392
9,189,"[0, 3, 4, 2]",-82,NaN,0,NaN,0,0.000146166,393664,0.000146166,393664,2593.904865026474,1174529888
9,190,"[0, 3, 3, 3]",-81,NaN,0,NaN,0,0.000140625,393664,0.000140625,393664,2593.90500998497,1174930384
9,191,"[0, 3, 2, 4]",-80,NaN,0,NaN,0,7.75e-5,393664,7.75e-5,393664,2593.9050900936127,1175330880
9,192,"[0, 3, 1, 5]",-79,NaN,0,NaN,0,6.0792e-5,393664,6.0792e-5,393664,2593.905153989792,1175731376
9,193,"[0, 3, 0, 6]",-78,NaN,0,NaN,0,8.625e-5,393664,8.625e-5,393664,2593.9052431583405,1176131872
9,194,"[0, 2, 7, 0]",-120,NaN,0,NaN,0,6.7042e-5,393664,6.7042e-5,393664,2593.905313014984,1176532368
9,195,"[0, 2, 6, 1]",-119,NaN,0,NaN,0,6.0167e-5,393664,6.0167e-5,393664,2593.905375957489,1176932864
9,196,"[0, 2, 5, 2]",-118,NaN,0,NaN,0,6.8625e-5,393664,6.8625e-5,393664,2593.9054470062256,1177333360
9,197,"[0, 2, 4, 3]",-117,NaN,0,NaN,0,6.0416e-5,393664,6.0416e-5,393664,2593.9055099487305,1177733856
9,198,"[0, 2, 3, 4]",-116,NaN,0,NaN,0,6.3917e-5,393664,6.3917e-5,393664,2593.905575990677,1178134352
9,199,"[0, 2, 2, 5]",-115,NaN,0,NaN,0,6.3041e-5,393664,6.3041e-5,393664,2593.9056420326233,1178534848
9,200,"[0, 2, 1, 6]",-114,NaN,0,NaN,0,7.0667e-5,393664,7.0667e-5,393664,2593.905715942383,1178935344
9,201,"[0, 2, 0, 7]",-113,NaN,0,NaN,0,7.6708e-5,393664,7.6708e-5,393664,2593.905795097351,1179335840
9,202,"[0, 1, 8, 0]",-165,NaN,0,NaN,0,5.9834e-5,393664,5.9834e-5,393664,2593.905858039856,1179736336
9,203,"[0, 1, 7, 1]",-164,NaN,0,NaN,0,6.3e-5,393664,6.3e-5,393664,2593.905923128128,1180136832
9,204,"[0, 1, 6, 2]",-163,NaN,0,NaN,0,7.8333e-5,393664,7.8333e-5,393664,2593.9060039520264,1180537312
9,205,"[0, 1, 5, 3]",-162,NaN,0,NaN,0,6.2583e-5,393664,6.2583e-5,393664,2593.906069993973,1180937808
9,206,"[0, 1, 4, 4]",-161,NaN,0,NaN,0,6.25e-5,393664,6.25e-5,393664,2593.906135082245,1181338304
9,207,"[0, 1, 3, 5]",-160,NaN,0,NaN,0,6.9292e-5,393664,6.9292e-5,393664,2593.9062070846558,1181738800
9,208,"[0, 1, 2, 6]",-159,NaN,0,NaN,0,6.8083e-5,393664,6.8083e-5,393664,2593.9062809944153,1182139296
9,209,"[0, 1, 1, 7]",-158,NaN,0,NaN,0,6.7583e-5,393664,6.7583e-5,393664,2593.906352043152,1182539792
9,210,"[0, 1, 0, 8]",-157,NaN,0,NaN,0,7.2917e-5,393664,7.2917e-5,393664,2593.9064271450043,1182940288
9,211,"[0, 0, 9, 0]",220,0.000111625,986288,0.246114584,641026192,NaN,0,0.246226209,642012480,2594.152652025223,1185641024
9,212,"[0, 0, 8, 1]",219,8.9333e-5,1973312,0.275871291,637094000,NaN,0,0.27596062400000004,639067312,2594.4286229610443,1239022160
9,213,"[0, 0, 7, 2]",218,0.000150625,1973344,0.349788209,634931440,NaN,0,0.34993883400000003,636904784,2594.7785789966583,1089399824
9,214,"[0, 0, 6, 3]",217,9.4167e-5,1973376,0.252108333,641026208,NaN,0,0.2522025,642999584,2595.030797958374,1095495024
9,215,"[0, 0, 5, 4]",216,9.6959e-5,1973408,0.475995042,761157888,NaN,0,0.476092001,763131296,2595.5069069862366,1210138144
9,216,"[0, 0, 4, 5]",-215,NaN,0,NaN,0,5.2583e-5,393664,5.2583e-5,393664,2595.506987094879,1210538688
9,217,"[0, 0, 3, 6]",-214,NaN,0,NaN,0,4.7166e-5,393664,4.7166e-5,393664,2595.507045030594,1210939184
9,218,"[0, 0, 2, 7]",-213,NaN,0,NaN,0,5.1417e-5,393664,5.1417e-5,393664,2595.5071001052856,1211339680
9,219,"[0, 0, 1, 8]",-212,NaN,0,NaN,0,4.6459e-5,393664,4.6459e-5,393664,2595.507152080536,1211740176
9,220,"[0, 0, 0, 9]",-211,NaN,0,NaN,0,4.3792e-5,393664,4.3792e-5,393664,2595.507203102112,1212140672
